,title,year,rating,certificate,votes,runtime,gener,voice_artist1,voice_artist2,voice_artist3,voice_artist4
0,Avatar: The Last Airbender,2005–2008,9.2,U,"2,53,806",23,"Animation, Action, Adventure            ",Dee Bradley Baker,Zach Tyler,Mae Whitman,Jack De Sena
1,Hagane no renkinjutsushi,2009–2012,9.1,18+,"1,26,138",24,"Animation, Action, Adventure            ",Kent Williams,Iemasa Kayumi,Vic Mignogna,Muriel Hofmann
2,Ginga eiyû densetsu,1988–1997,9.1,NA,"2,352",25,"Animation, Drama, Sci-Fi            ",Yûsaku Yara,Ryô Horikawa,Katsuji Mori,Nozomu Sasaki
3,Death Note: Desu nôto,2006–2007,9,16+,"2,46,799",24,"Animation, Crime, Drama            ",Mamoru Miyano,Brad Swaile,Vincent Tong,Ryô Naitô
4,Mushishi: Zoku Shou,2014–    ,8.9,NA,"2,310",24,"Animation, Drama, Fantasy            ",Mika Doi,Yûto Nakano,Daisuke Kishio,Akira Matsushita
5,Shingeki no kyojin,2013–    ,8.9,13,"2,19,951",24,"Animation, Action, Adventure            ",Yûki Kaji,Marina Inoue,Josh Grelle,Yui Ishikawa
6,Hunter x Hunter,2011–2014,8.9,16,"61,399",24,"Animation, Action, Adventure            ",Issei Futamata,Megumi Han,Cristina Valenzuela,Mariya Ise
7,Ginga: Nagareboshi gin,1986– ,8.9,NA,"2,524",22,"Animation, Action, Adventure            ",Eiko Yamada,NA,NA,NA
8,Kaubôi bibappu,1998–1999,8.9,NA,"91,437",24,"Animation, Action, Adventure            ",Kôichi Yamadera,Unshô Ishizuka,Megumi Hayashibara,Steve Blum
9,One Punch Man: Wanpanman,2015–    ,8.8,16+,"1,20,206",24,"Animation, Action, Comedy            ",Makoto Furukawa,Kaito Ishikawa,Max Mittelman,Zach Aguilar
10,Steins;Gate,2011–2015,8.8,16,"46,425",24,"Animation, Comedy, Drama            ",Mamoru Miyano,Asami Imai,Kana Hanazawa,Ashly Burch
11,Vinland Saga,2019,8.8,NA,"16,077",24,"Animation, Action, Adventure            ",Naoya Uchida,Hiroki Yasumoto,Yûto Uemura,Kenshô Ono
12,Hajime no ippo,2000–2002,8.8,NA,"5,395",20,"Animation, Action, Comedy            ",Steve Staley,Richard Epcar,D.C. Douglas,Richard Cansino
13,Demon Slayer: Kimetsu No Yaiba,2019–    ,8.7,16,"33,177",25,"Animation, Action, Fantasy            ",Natsuki Hanae,Zach Aguilar,Abby Trott,Aleks Le
14,Hajime No Ippo: Rising,2013–    ,8.7,NA,"1,754",20,"Animation, Action, Comedy            ",Kôhei Kiyasu,Rikiya Koyama,Akio Ôtsuka,NA
15,Haikyuu!!,2014–2020,8.7,13,"12,450",24,"Animation, Comedy, Drama            ",Ayumu Murase,Kaito Ishikawa,Yu Hayashi,Satoshi Hino
16,Hajime no Ippo: New Challenger,2009–    ,8.7,NA,"2,016",25,"Animation, Action, Comedy            ",Keiji Fujiwara,Yuka Hirata,Kôhei Kiyasu,Rikiya Koyama
17,Jujutsu Kaisen,2020–    ,8.7,NA,"12,813",24,"Animation, Action, Adventure            ",Junya Enoki,Yûichi Nakamura,Yuma Uchida,Asami Seto
18,Slam Dunk: Suramu danku,1993–1996,8.7,NA,"4,530",22,"Animation, Comedy, Drama            ",Hisao Egawa,Eriko Hara,Akiko Hiramatsu,Yukimasa Kishino
19,One Piece: Wan pîsu,1999–    ,8.7,7,"73,949",24,"Animation, Action, Adventure            ",Mayumi Tanaka,Tony Beck,Laurent Vernin,Akemi Okamura
20,Kenpû Denki Berserk,1997–1998,8.7,NA,"29,643",23,"Animation, Action, Adventure            ",Nobutoshi Canna,Marc Diraison,Carrie Keranen,Kevin T. Collins
21,Dragon Ball Z,1996–2003,8.7,NA,"1,14,681",24,"Animation, Action, Adventure            ",Doc Harris,Christopher Sabat,Scott McNeil,Sean Schemmel
22,Taiyô no ko Esteban,1982–1983,8.7,NA,"3,552",28,"Animation, Adventure, Comedy            ",Janice Chaikelson,Adrian Knight,Michael Rudder,Terrence Labrosse
23,Dragon Ball Z: Doragon bôru zetto,1989–1996,8.7,NA,"69,669",24,"Animation, Action, Adventure            ",Jôji Yanami,Kyle Hebert,Masako Nozawa,Christopher Sabat
24,Mirai shônen Konan,1978,8.7,NA,"3,749",24,"Animation, Adventure, Comedy            ",Noriko Ohara,Masatô Ibu,Mieko Nobusawa,Kazuyo Aoki
25,Yakusoku no Neverland,2019–2021,8.6,NA,"24,765",23,"Animation, Adventure, Drama            ",Sumire Morohoshi,Mariya Ise,Shinei Ueki,Lynn
26,Shigatsu wa kimi no uso,2014–2015,8.6,NA,"18,450",23,"Animation, Drama, Music            ",Natsuki Hanae,Risa Taneda,Ayane Sakura,Ryôta Ôsaka
27,InuYasha: Kanketsu-hen,2009–2010,8.6,NA,"2,609",24,"Animation, Action, Adventure            ",Kappei Yamaguchi,Satsuki Yukino,Kumiko Watanabe,Kôji Tsujitani
28,Clannad: After Story,2008–2009,8.6,NA,"9,255",24,"Animation, Comedy, Drama            ",Yûichi Nakamura,David Matranga,Luci Christian,Mai Nakahara
29,Kôdo giasu - Hangyaku no rurûshu: Code Geass - Lelouch of the Rebellion,2006–2012,8.6,16,"52,549",24,"Animation, Action, Drama            ",Johnny Yong Bosch,Yuri Lowenthal,Jun Fukuyama,Takahiro Sakurai
30,Naruto: Shippûden,2007–2017,8.6,7,"87,701",24,"Animation, Action, Adventure            ",Junko Takeuchi,Maile Flanagan,Kate Higgins,Chie Nakamura
31,Gintama,2005–2018,8.6,16,"7,313",25,"Animation, Action, Comedy            ",Tomokazu Sugita,Daisuke Sakaguchi,Rie Kugimiya,Kazuya Nakai
32,Monster,2004–2010,8.6,NA,"21,402",24,"Animation, Crime, Drama            ",Hidenobu Kiuchi,Liam O'Brien,Mamiko Noto,Karen Strassman
33,Hunter x Hunter,1999–2001,8.6,All,"6,390",23,"Animation, Action, Adventure            ",Hozumi Gôda,Yuki Kaida,Junko Takeuchi,Annika Odegard
34,GTO,1999–2000,8.6,18,"7,051",24,"Animation, Comedy, Drama            ",Steve Blum,Tom Fahn,Jun'ichi Suwabe,Wataru Takagi
35,Chôjikû Yôsai Macross,1982–1983,8.6,NA,"1,909",25,"Animation, Action, Adventure            ",Arihiro Hase,Mari Iijima,Vic Mignogna,Monica Rial
36,Fruits Basket,2019–    ,8.5,16,"2,128",23,"Animation, Comedy, Drama            ",Manaka Iwami,Nobunaga Shimazaki,Yuma Uchida,Yûichi Nakamura
37,Mob Psycho 100,2016–    ,8.5,16,"16,694",24,"Animation, Action, Comedy            ",Setsuo Ito,Takahiro Sakurai,Akio Ôtsuka,Miyu Irino
38,Boku no hîrô akademia,2016–    ,8.5,16,"38,357",24,"Animation, Action, Adventure            ",Daiki Yamashita,Nobuhiko Okamoto,Ayane Sakura,Justin Briner
39,Monogatari Series: Second Season,2013–    ,8.5,NA,"1,812",25,"Animation, Adventure, Comedy            ",Yôji Ueda,Saori Hayami,Kaori Mizuhashi,Ken Narita
40,Mushishi,2005–2006,8.5,NA,"11,981",25,"Animation, Drama, Fantasy            ",Yûto Nakano,Travis Willingham,Kôjun Itô,Jennifer Seman
41,Saint Seiya: The Hades Chapter,2002–2008,8.5,NA,"2,830",25,"Animation, Action, Adventure            ",Takumi Yamazaki,Maaya Sakamoto,Katsuyuki Konishi,Masakazu Morita
42,Samurai chanpurû,2004–2005,8.5,NA,"41,504",24,"Animation, Action, Adventure            ",Kazuya Nakai,Ginpei Sato,Ayako Kawasumi,Steve Blum
43,Hagane no renkinjutsushi,2003–2004,8.5,16,"63,149",24,"Animation, Action, Adventure            ",Vic Mignogna,Aaron Dismuke,Romi Pak,Rie Kugimiya
44,Kôkaku kidôtai: Stand Alone Complex,2002–2005,8.5,18,"18,014",24,"Animation, Action, Crime            ",Shirô Saitô,Mary Elizabeth McGlynn,William Frederick Knight,Richard Epcar
45,Dragon Ball,1995–2003,8.5,NA,"53,842",24,"Animation, Action, Adventure            ",Brice Armstrong,Steve Olson,Stephanie Nadolny,Zoe Slusar
46,Yu yu hakusho,1992–1995,8.5,U,"11,670",24,"Animation, Action, Adventure            ",Nozomu Sasaki,Justin Cook,Christopher Sabat,Cynthia Cranz
47,Rurôni Kenshin - Meiji kenkaku romantan,1996–1999,8.5,NA,"17,679",24,"Animation, Action, Adventure            ",Mayo Suzukaze,Richard Cansino,Dorothy Elias-Fahn,Rebecca Forstadt
48,Seinto Seiya,1986–1989,8.5,NA,"9,271",24,"Animation, Action, Adventure            ",Hideyuki Tanaka,Tôru Furuya,Ryô Horikawa,Kôichi Hashimoto
49,Shin seiki evangerion,1995–1996,8.5,U,"52,393",24,"Animation, Action, Drama            ",Megumi Ogata,Megumi Hayashibara,Kotono Mitsuishi,Spike Spencer
50,Robotech,1985,8.5,NA,"3,441",30,"Animation, Action, Adventure            ",Richard Epcar,Steve Kramer,Tom Wyner,Robert Axelrod
51,Dragon Ball: Doragon bôru,1986–1989,8.5,U,"48,791",24,"Animation, Action, Adventure            ",Masako Nozawa,Jôji Yanami,Brice Armstrong,Stephanie Nadolny
52,Kaguya-sama wa kokurasetai ~ Tensai tachi no ren'ai zunô sen ~,2019–    ,8.4,16,"5,129",24,"Animation, Comedy, Romance            ",Aoi Koga,Makoto Furukawa,Konomi Kohara,Yutaka Aoyama
53,Dororo,2019,8.4,NA,"7,304",30,"Animation, Action, Adventure            ",Rio Suzuki,Mugihito,Hiroki Suzuki,Mutsumi Sasaki
54,Rilakkuma to Kaorusan,2019,8.4,NA,"1,360",12,"Animation, Comedy, Drama            ",Veronica Taylor,Abby Trott,Barbara Goodson,Chris Hackney
55,Kyaputen Tsubasa,2018–    ,8.4,NA,"1,237",22,"Animation, Adventure, Drama            ",Mauriett Chayeb,Yûko Sanpei,Nobuo Tanaka,Kenji Suzumura
56,Made in Abyss,2017–    ,8.4,NA,"6,645",25,"Animation, Adventure, Drama            ",Miyu Tomita,Mariya Ise,Luci Christian,Brittany Lauda
57,Sangatsu no Lion,2016–2018,8.4,NA,"1,779",25,"Animation, Comedy, Drama            ",Kengo Kawanishi,Khoi Dao,Ai Kayano,Kana Hanazawa
58,Steins;Gate 0,2018,8.4,NA,"5,844",30,"Animation, Drama, Mystery            ",J. Michael Tatum,Monica Rial,Tyson Rinehart,Cherami Leigh
59,Dragon Ball Super: Doragon bôru cho,2015–2018,8.4,7,"24,321",24,"Animation, Action, Adventure            ",Masako Nozawa,Naoki Tatsuta,Ryô Horikawa,Sean Schemmel
60,JoJo no kimyô-na bôken,2012–    ,8.4,18,"10,918",30,"Animation, Action, Adventure            ",Matthew Mercer,Daisuke Ono,Unshô Ishizuka,David Vincent
61,The Legend of Korra,2012–2014,8.4,NA,"1,05,850",23,"Animation, Action, Adventure            ",Janet Varney,P.J. Byrne,David Faustino,J.K. Simmons
62,Nana,2006–2007,8.4,NA,"2,780",21,"Animation, Comedy, Drama            ",Romi Pak,Kaori,Brian Drummond,Toshiyuki Morikawa
63,Kino no tabi,2003,8.4,NA,"2,510",25,"Animation, Adventure, Drama            ",Ai Maeda,Ryuji Aigase,Kelli Cousins,Cynthia Martinez
64,Initial D: First Stage,1998,8.4,NA,"2,490",25,"Animation, Action, Comedy            ",Shin'ichirô Miki,Greg Ayres,Christopher Bevins,Steve Blum
65,Meitantei Conan,1996–    ,8.4,NA,"11,198",25,"Animation, Action, Adventure            ",Minami Takayama,Wakana Yamazaki,Hoang Khuyet,Akira Kamiya
66,Swat Kats: The Radical Squadron,1993–1995,8.4,NA,"3,993",22,"Animation, Action, Family            ",Barry Gordon,Charlie Adler,Gary Owens,Tress MacNeille
67,Star Blazers,1979–1984,8.4,NA,"1,199",22,"Animation, Action, Adventure            ",Eddie Allen,Michael Bertolini,Amy Howard Wilson,Lydia Leeds
68,Sora yori mo Tooi Basho,2018,8.3,NA,"1,582",23,"Animation, Adventure, Comedy            ",Inori Minase,Kana Hanazawa,Yuka Iguchi,Saori Hayami
69,Saiki Kusuo no Psi Nan,2016–    ,8.3,16,"3,926",24,"Animation, Comedy, Fantasy            ",Hiroshi Kamiya,Daisuke Ono,Nobunaga Shimazaki,Ai Kayano
70,Yuri!!! On Ice,2016,8.3,NA,"5,830",20,"Animation, Comedy, Drama            ",Toshiyuki Toyonaga,Jun'ichi Suwabe,Josh Grelle,Jerry Jewell
71,Owarimonogatari,2015–    ,8.3,NA,"1,173",24,"Animation, Comedy, Fantasy            ",Hiroshi Kamiya,Marina Inoue,Emiri Kato,Satsuki Yukino
72,Kiseijû: Sei no kakuritsu,2014–2015,8.3,NA,"26,847",22,"Animation, Action, Horror            ",Adam Gibbs,Aya Hirano,Brittney Karbowski,Nobunaga Shimazaki
73,Kuroko no basuke,2012–2015,8.3,13,"5,712",24,"Animation, Comedy, Sport            ",Kenshô Ono,Yoshimasa Hosoya,Yuki Ono,Hirofumi Nojima
74,Seinto Seiya: The Lost Canvas - Meio Shinwa,2009–2011,8.3,NA,"1,679",24,"Animation, Action, Adventure            ",Cristina Valenzuela,Luciana Baroli,Beau Billingslea,Ray Chase
75,Nichijou,2011,8.3,NA,"2,140",24,"Animation, Comedy            ",Shizuka Furuya,Hiromi Konno,Mariko Honda,Minoru Shiraishi
76,Usagi doroppu,2011–2012,8.3,NA,"2,847",24,"Animation, Comedy, Drama            ",Hiroshi Tsuchida,Ayu Matsuura,Atsuko Mine,Noa Sakai
77,Fate/Zero,2011–2012,8.3,16,"10,523",24,"Animation, Action, Drama            ",Ayako Kawasumi,Kari Wahlgren,Sayaka Ôhara,Jôji Nakata
78,Rainbow: Nishakubou no shichinin,2010–    ,8.3,NA,"1,889",30,"Animation, Crime, Drama            ",Shun Oguri,Romi Pak,Takaya Kuroda,Tatsuya Hasome
79,Yu-Gi-Oh! The Abridged Series,2006–    ,8.3,NA,"1,552",25,"Animation, Comedy            ",Martin Billany,Curtis Arnott,Chris Niosi,Anthony Sardinha
80,One Outs,2008–2009,8.3,NA,"1,331",25,"Animation, Drama, Sport            ",Masato Hagiwara,Tsutomu Isobe,Kenji Utsumi,Kappei Yamaguchi
81,Baccano!,2007–2008,8.3,NA,"10,620",30,"Animation, Action, Adventure            ",Michael C. Pizzuto,J. Michael Tatum,Caitlin Glass,Akemi Kanda
82,Wonder Egg Priority,2021–    ,8.3,NA,"1,156",23,"Animation, Action, Drama            ",Kanata Aikawa,Yûya Uchida,Hiroki Takahashi,Brendan Blaber
83,Horimiya,I    (2021–,8.3,NA,"1,945",24,"Animation, Comedy, Drama            ",Haruka Tomatsu,Koki Uchiyama,Seiichiro Yamashita,Yurie Kozakai
84,Gyakkyô burai Kaiji,2007–2011,8.3,NA,"2,227",23,"Animation, Action, Thriller            ",Masato Hagiwara,Hakuryû,Naoya Uchida,Hideo Ishikawa
85,Seirei no moribito,2007–    ,8.3,NA,"2,463",25,"Animation, Action, Adventure            ",Mabuki Andô,Naoto Adachi,Kôji Tsujitani,Hirofumi Nojima
86,Tengen toppa gurren lagann,2007–2008,8.3,NA,"15,002",24,"Animation, Action, Adventure            ",Yuri Lowenthal,Kana Asumi,Steve Blum,Johnny Yong Bosch
87,N.H.K ni yôkoso!,2006,8.3,NA,"5,803",25,"Animation, Comedy, Drama            ",Yutaka Koizumi,Yui Makino,Michael C. Pizzuto,Greg Ayres
88,Seinto Seiya: Meiou Hades Meikai Hen,2005–    ,8.3,NA,"1,288",25,"Animation, Action, Adventure            ",Fumiko Orikasa,Takahiro Sakurai,Masakazu Morita,Yûta Kasuya
89,Beck: Mongolian Chop Squad,2004–2005,8.3,NA,"2,129",25,"Animation, Drama, Music            ",Tomohisa Asô,Greg Ayres,Taliesin Jaffe,Jamie McGonnigal
90,Hikaru no go,2001–2003,8.3,NA,"1,096",23,"Animation, Fantasy, Sport            ",Tomoko Kawakami,Susumu Chiba,Sanae Kobayashi,Yumi Kakazu
91,Naruto,2002–2007,8.3,16,"73,687",24,"Animation, Action, Adventure            ",Junko Takeuchi,Maile Flanagan,Kate Higgins,Chie Nakamura
92,Trigun,1998,8.3,NA,"19,525",24,"Animation, Action, Adventure            ",Masaya Onosaka,Hiromi Tsuru,Satsuki Yukino,Johnny Yong Bosch
93,Yu-Gi-Oh!,II    (2000,8.3,U,"2,495",23,"Animation, Action, Adventure            ",Dan Green,Amy Birnbaum,Wayne Grayson,Eric Stuart
94,Tanoshî Mûmin ikka,1990–1991,8.3,NA,"3,739",23,"Animation, Adventure, Comedy            ",John Chancer,Toni Barry,David Graham,Stacey Gregg
95,UFO robo: Gurendaizâ,1975–1977,8.3,NA,"1,912",26,"Animation, Action, Romance            ",Hiroya Ishimaru,Chiyoko Kawashima,Ken'ichi Ogata,Kei Tomiyama
96,Hokuto no Ken,1984–1988,8.3,NA,"2,717",25,"Animation, Action, Adventure            ",Akira Kamiya,Shigeru Chiba,Teiyû Ichiryûsai,Tomiko Suzuki
97,Berusaiyu no bara,1979–1980,8.3,NA,"1,748",24,"Animation, Drama, Romance            ",Reiko Tajima,Tarô Shigaki,Hisashi Katsuta,Nachi Nozawa
98,Dokutaa Sutoon,2019–    ,8.2,13,"10,999",23,"Animation, Action, Adventure            ",Yûsuke Kobayashi,Manami Numakura,Gen Satô,Ayumu Murase
99,Castlevania,2017–    ,8.2,18,"40,027",23,"Animation, Action, Adventure            ",Richard Armitage,James Callis,Alejandra Reynoso,Theo James
100,Food Wars: Shokugeki no Soma,2015–    ,8.2,13,"7,177",24,"Animation, Comedy, Drama            ",Yoshitsugu Matsuoka,Minami Takahashi,Maaya Uchida,Ai Kayano
101,Kuroshitsuji: Book of Circus,2014–    ,8.2,NA,"1,540",50,"Animation, Comedy, Fantasy            ",Matthew Mercer,Chafûrin,Shunji Fujimura,Jun Fukuyama
102,Psycho-Pass,2012–    ,8.2,16,"16,173",25,"Animation, Action, Crime            ",Kana Hanazawa,Miyuki Sawashiro,Noriko Hidaka,Shizuka Itô
103,Chihayafuru,2011–    ,8.2,NA,"1,019",22,"Animation, Comedy, Drama            ",Asami Seto,Mamoru Miyano,Tôru Nara,Ai Kayano
104,Ano hi mita hana no namae o bokutachi wa mada shiranai.,2011,8.2,NA,"10,067",23,"Animation, Adventure, Drama            ",Miyu Irino,Ai Kayano,Haruka Tomatsu,Takahiro Sakurai
105,Shijou Saikyou no Deshi Kenichi,2006–2014,8.2,NA,"1,883",25,"Animation, Action, Comedy            ",Tomokazu Seki,Tomoko Kawakami,Sonny Strait,Vic Mignogna
106,Dragon Ball Kai: Doragon bôru kai,2009–2015,8.2,NA,"20,151",24,"Animation, Action, Adventure            ",Masako Nozawa,Jôji Yanami,Sean Schemmel,Richard Ian Cox
107,Dota: Dragon's Blood,2021–    ,8.2,18,"8,415",25,"Animation, Action, Adventure            ",Yuri Lowenthal,Lara Pulver,Dee Bradley Baker,Freya Tingley
108,Dorohedoro,2020–    ,8.2,18,"5,118",25,"Animation, Action, Comedy            ",Wataru Takagi,Reina Kondou,Ken'yû Horiuchi,Yoshimasa Hosoya
109,Nodame kantâbire,2007–    ,8.2,NA,"1,089",25,"Animation, Comedy, Drama            ",Laura Bailey,Bob Buchholz,Joe Cappelletti,Doug Erholtz
110,Planetes,2003–2004,8.2,NA,"3,322",25,"Animation, Drama, Sci-Fi            ",Joe Cappelletti,Nao Nagasawa,Beau Billingslea,Phillip Gramm
111,Ôran kôkô hosutobu,2006,8.2,NA,"8,441",24,"Animation, Comedy, Romance            ",Maaya Sakamoto,Mamoru Miyano,Masaya Matsukaze,Kenichi Suzumura
112,Azumanga daiô,2002,8.2,NA,"2,736",24,"Animation, Comedy            ",Tomoko Kaneda,Yuki Matsuoka,Chieko Higuchi,Rie Tanaka
113,CardCaptors,2000–    ,8.2,NA,"1,069",30,"Animation, Action, Drama            ",Carly McKillip,Kelly Sheridan,Matt Hill,Tony Sampson
114,Initial D: Second Stage,1999–2000,8.2,NA,"1,050",25,"Animation, Action, Comedy            ",Chris Ayres,Greg Ayres,Christopher Bevins,Steve Blum
115,Watashi no ashinaga ojisan,1990–    ,8.2,NA,"1,287",24,"Animation, Comedy, Drama            ",Mitsuko Horie,Chie Satô,NA,NA
116,Kidô senshi Z Gundam,1985–1986,8.2,NA,"1,051",30,"Animation, Action, Drama            ",Nobuo Tobita,Shûichi Ikeda,Hirotaka Suzuoki,Miyuki Matsuoka
117,Ranma ½: Nettô-hen,1989–1992,8.2,NA,"1,336",30,"Animation, Action, Comedy            ",Ken'ichi Ogata,Noriko Hidaka,Andrea Kwan,Myriam Sirois
118,Tate no Yuusha no Nariagari,2018–    ,8.1,NA,"6,881",24,"Animation, Action, Adventure            ",Kaito Ishikawa,Asami Seto,Billy Kametz,Erica Mendez
119,Seishun Buta Yaro wa Bunny Girl-senpai no Yume wo Minai,2018–    ,8.1,NA,"4,962",24,"Animation, Drama, Fantasy            ",Kaito Ishikawa,Asami Seto,Yurika Kubo,Atsumi Tanezaki
120,Aggretsuko,2018–    ,8.1,13,"4,963",15,"Animation, Comedy, Drama            ",Ben Diskin,Erica Mendez,G.K. Bowes,Katelyn Gault
121,Black Clover,2017–2021,8.1,13,"10,565",24,"Animation, Action, Adventure            ",Dallas Reid,Cris George,Jill Harris,Micah Solusod
122,Re:Zero kara hajimeru isekai seikatsu,2016–    ,8.1,16,"12,111",24,"Animation, Adventure, Drama            ",Yûsuke Kobayashi,Rie Takahashi,Sean Chiplock,Rie Murakawa
123,Doraemon,2005–    ,8.1,U,"1,728",30,"Animation, Comedy, Drama            ",Wasabi Mizuta,Megumi Ohara,Yumi Kakazu,Tomokazu Seki
124,Akatsuki no Yona,2014–    ,8.1,NA,"2,793",24,"Animation, Action, Adventure            ",Monica Rial,Christopher Sabat,Chiwa Saitô,Tomoaki Maeno
125,Nanatsu no taizai,2014–    ,8.1,16,"24,069",24,"Animation, Action, Adventure            ",Bryce Papenbrook,Erika Harlacher,Max Mittelman,Cristina Valenzuela
126,Space Dandy,2014,8.1,NA,"3,422",24,"Animation, Adventure, Comedy            ",Jun'ichi Suwabe,Uki Satake,Hiroyuki Yoshino,Joel McDonald
127,Kamisama hajimemashita,2012–    ,8.1,NA,"2,720",23,"Animation, Comedy, Fantasy            ",Tia Lynn Ballard,Luci Christian,J. Michael Tatum,Josh Grelle
128,Ôkami to kôshinryô II,2009,8.1,NA,"1,240",19,"Animation, Drama, Fantasy            ",Jun Fukuyama,Ami Koshimizu,Kotaro Namura,Saeko Chiba
129,Natsume yûjinchô,2008–    ,8.1,NA,"1,705",24,"Animation, Comedy, Drama            ",Hiroshi Kamiya,Kazuhiko Inoue,Miki Itô,Ryohei Kimura
130,Kidô Senshi Gundam 00,2007–2009,8.1,NA,"2,116",24,"Animation, Action, Drama            ",Sam Vincent,Mamoru Miyano,Shin'ichirô Miki,Hiroyuki Yoshino
131,Oban Star-Racers,2006,8.1,NA,"1,686",25,"Animation, Action, Adventure            ",Junko Noda,Chiara Zanni,Michael Dobson,Ron Halder
132,Bleach: Burîchi,2004–2012,8.1,16,"44,838",24,"Animation, Action, Adventure            ",Johnny Yong Bosch,Michelle Ruff,Stephanie Sheh,Jamieson Price
133,Shaman Kingu,2001–2005,8.1,NA,"5,252",23,"Animation, Action, Adventure            ",Oliver Wyman,Andrew Rannells,Michael Sinterniklaas,Megumi Hayashibara
134,12 kokuki,2002–    ,8.1,NA,"1,819",25,"Animation, Adventure, Drama            ",Mari Devon,Kate Higgins,Houko Kuwashima,Aya Hisakawa
135,Shin kidô senki Gundam W,1995–1996,8.1,NA,"4,168",30,"Animation, Action, Adventure            ",Hikaru Midorikawa,Toshihiko Seki,Ryûzô Ishino,Akio Ôtsuka
136,That Time I Got Reincarnated as a Slime,2018–    ,8,16,"4,933",25,"Animation, Action, Adventure            ",Miho Okasaki,Brittney Karbowski,Mallorie Rodak,Megumi Toyoguchi
137,Hai Sukoa Garu,2018–    ,8,NA,"1,553",25,"Animation, Comedy, Romance            ",Kôhei Amasaki,Sayumi Suzushiro,Yûki Hirose,Satomi Arai
138,Banana Fish,2018,8,NA,"2,550",22,"Animation, Action, Adventure            ",Jun Fukuyama,Makoto Furukawa,Hiroaki Hirata,Yoshimasa Hosoya
139,Hinamatsuri,2018–    ,8,NA,"1,391",24,"Animation, Comedy, Fantasy            ",Yoshiki Nakajima,Jarrod Greene,Brina Palencia,Takako Tanaka
140,Golden Kamuy,2018–    ,8,NA,"1,019",24,"Animation, Action, Adventure            ",Haruka Shiraishi,Chikahiro Kobayashi,Kentarô Itô,Fumihiko Tachiki
141,Ansatsu kyôshitsu,2013–2016,8,18,"9,122",23,"Animation, Action, Comedy            ",Jun Fukuyama,Mai Fuchigami,Christopher Bevins,Luci Christian
142,Fate/stay night: Unlimited Blade Works,2014–2015,8,16,"6,333",24,"Animation, Action, Fantasy            ",Mela Lee,Bryce Papenbrook,Noriaki Sugiyama,Kana Ueda
143,Gin no saji,2013–2014,8,NA,"1,021",22,"Animation, Comedy, Drama            ",Ryohei Kimura,Marie Miyake,Hajime Iijima,Tôru Sakurai
144,Shin Sekai Yori,2012–2013,8,NA,"2,671",25,"Animation, Adventure, Drama            ",Emily Neves,Greg Ayres,David Wald,John Swasey
145,Inazuma irebun,2008–2011,8,NA,"1,155",24,"Animation, Action, Adventure            ",Michael C. Pizzuto,Scott Evans,Junko Takeuchi,Hirofumi Nojima
146,Bakuman.,2010–2013,8,NA,"1,995",24,"Animation, Comedy, Drama            ",Kevin T. Collins,Dan Green,Jun'ichi Suwabe,Marc Diraison
147,Kaichou wa meido-sama!,2010–    ,8,NA,"5,435",24,"Animation, Comedy, Romance            ",David Matranga,Monica Rial,Ayumi Fujimura,Nobuhiko Okamoto
148,Lovely Complex,2007–    ,8,NA,"2,308",24,"Animation, Comedy, Romance            ",Akemi Okamura,Saori Higashi,Kazuko Kojima,Kae Araki
149,Fairy Tail: Fearî teiru,2009–2019,8,16,"21,060",24,"Animation, Action, Adventure            ",Cherami Leigh,Todd Haberkorn,Tia Lynn Ballard,Colleen Clinkenbeard
150,Bakemonogatari,2009–2010,8,NA,"4,424",50,"Animation, Action, Comedy            ",Hiroshi Kamiya,Eri Kitamura,Yuka Iguchi,Chiwa Saitô
151,Toradora!,2008–2009,8,16,"10,939",24,"Animation, Comedy, Drama            ",Rie Kugimiya,Junji Majima,Yui Horie,Hirofumi Nojima
152,Ôkami to kôshinryô,2008–2009,8,NA,"3,812",24,"Animation, Adventure, Fantasy            ",Jun Fukuyama,Ami Koshimizu,Brina Palencia,J. Michael Tatum
153,Higurashi no naku koro ni: Kai,2007,8,NA,"2,023",25,"Animation, Drama, Horror            ",Yukari Tamura,Mai Nakahara,Mika Kanai,Satsuki Yukino
154,Doraemon,1973,8,NA,"1,083",30,"Animation, Comedy, Family            ",Yoshiko Ohta,Masako Nozawa,Kôsei Tomita,Junko Hori
155,Kureimoa,2007,8,NA,"12,353",24,"Animation, Action, Adventure            ",Todd Haberkorn,Stephanie Young,Houko Kuwashima,Cherami Leigh
156,Black Lagoon,2006,8,18,"12,470",25,"Animation, Action, Adventure            ",Megumi Toyoguchi,Daisuke Namikawa,Maryke Hendrikse,Brad Swaile
157,Ergo Proxy,2006,8,18,"12,715",25,"Animation, Action, Adventure            ",Kôji Yusa,Akiko Yajima,Rachel Hirschfeld,Liam O'Brien
158,Gankutsu-ô,2004–2005,8,NA,"2,233",24,"Animation, Drama, Sci-Fi            ",Jôji Nakata,Johnny Yong Bosch,Beau Billingslea,Karen Strassman
159,Wolf's Rain,2003–2004,8,NA,"7,224",25,"Action, Sci-Fi, Animation            ",Darren Pleavin,Kenta Miyake,Akio Suyama,Crispin Freeman
160,Kyaputen Tsubasa,1983–1995,8,NA,"5,914",30,"Animation, Drama, Family            ",Arihiro Hase,Kôichi Hashimoto,Akari Hibino,Ken'yû Horiuchi
161,Kyandi Kyandi,1976–1979,8,NA,"1,540",30,"Animation, Drama, Family            ",Minori Matsushima,Kazuhiko Inoue,Makio Inoue,Mami Koyama
162,Kadokyaputa Sakura,1998–2000,8,NA,"4,466",30,"Animation, Action, Adventure            ",Sakura Tange,Huyen Chi,Andrea Kwan,Junko Iwao
163,Shôjo kakumei Utena,1997,8,NA,"1,382",24,"Animation, Comedy, Drama            ",Tomoko Kawakami,Yuriko Fuchizaki,Sharon Becker,Rachael Lillis
164,Rupan sansei: Part II,1977–1980,8,NA,"1,546",30,"Animation, Action, Adventure            ",Yasuo Yamada,Kiyoshi Kobayashi,Gorô Naya,Makio Inoue
165,Kidô Senshi Gundam,1979–1980,8,NA,"1,881",30,"Animation, Action, Drama            ",Hirotaka Suzuoki,Tôru Furuya,Toshio Furukawa,Kiyonobu Suzuki
166,Carole & Tuesday,2019,7.9,NA,"1,556",22,"Animation, Drama, Music            ",Miyuri Shimabukuro,Kana Ichinose,Celeina Ann,Akio Ôtsuka
167,Little Witch Academia,2017,7.9,NA,"2,445",25,"Animation, Comedy, Family            ",Megumi Han,Erica Mendez,Alexis Nichols,Fumiko Orikasa
168,Kidou Senshi Gundam: Tekketsu no Orphans,2015–    ,7.9,NA,"1,262",24,"Animation, Action, Drama            ",Bill Rogers,Adin Rudd,Jennifer Alyx,Sean Finkle
169,Yu-Gi-Oh!,1998,7.9,NA,"1,595",25,"Animation, Adventure, Comedy            ",Yumi Kakazu,Toshiyuki Morikawa,Megumi Ogata,Ryôtarô Okiayu
170,Akame ga Kill!,2014,7.9,18,"17,570",24,"Animation, Action, Comedy            ",Sôma Saitô,Corey Hartzog,Sora Amamiya,Molly Searcy
171,Noragami,2014–2016,7.9,NA,"11,525",24,"Animation, Action, Adventure            ",Hiroshi Kamiya,Maaya Uchida,Yûki Kaji,Bryn Apprill
172,Bishôjo senshi Sêrâ Mûn Crystal,2014–    ,7.9,NA,"1,781",24,"Animation, Action, Drama            ",Patricia Acevedo,Kotono Mitsuishi,Ryô Hirohashi,Kenji Nojima
173,Kiru ra kiru: KILL la KILL,2013–2014,7.9,NA,"11,325",25,"Animation, Action, Comedy            ",Ami Koshimizu,Aya Suzaki,Toshihiko Seki,Shin'ichirô Miki
174,RWBY,2012–    ,7.9,NA,"5,187",13,"Animation, Action, Adventure            ",Lindsay Jones,Kara Eberle,Barbara Dunkelman,Arryn Zech
175,Yahari ore no seishun rabukome wa machigatteiru.,2013–    ,7.9,NA,"4,228",24,"Animation, Comedy, Drama            ",Takuya Eguchi,Saori Hayami,Nao Tôyama,Melissa Molano
176,Durarara!!,2010,7.9,NA,"6,481",24,"Animation, Comedy, Crime            ",Brian Beacock,Johnny Yong Bosch,Doug Erholtz,Crispin Freeman
177,Eve no jikan,2008–2009,7.9,NA,"1,191",15,"Animation, Sci-Fi            ",Jun Fukuyama,Miki Itô,Motomu Kiyokawa,Yûko Mizutani
178,Tôkyô magunichûdo 8.0,2009,7.9,NA,"1,389",23,"Animation, Drama            ",Satomi Hanamura,Yumiko Kobayashi,Christel Takigawa,Luci Christian
179,Sukippu bîto!,2008–    ,7.9,NA,"1,252",24,"Animation, Comedy, Drama            ",Jennifer Alyx,Kira Buckland,Christine Marie Cabanos,Robbie Daymond
180,Tower of God,2020–    ,7.9,NA,"3,429",23,"Animation, Action, Adventure            ",Matthew David Rudd,Johnny Yong Bosch,Chris Hackney,Cherami Leigh
181,Clannad,2007–2008,7.9,NA,"8,066",30,"Animation, Comedy, Drama            ",Yûichi Nakamura,David Matranga,Mai Nakahara,Luci Christian
182,Basilisk: Kôga ninpô chô,2005,7.9,NA,"3,671",25,"Animation, Drama, Fantasy            ",Laura Bailey,Nana Mizuki,Kôsuke Toriumi,Troy Baker
183,Higurashi no naku koro ni,2006–2013,7.9,18,"4,846",24,"Animation, Horror, Mystery            ",Megan Hollingshead,John Snyder,Sôichirô Hoshi,Mai Nakahara
184,Kôkyô shihen Eureka Sebun,2005–2006,7.9,NA,"2,876",25,"Animation, Adventure, Drama            ",Yûko Sanpei,Keiji Fujiwara,Kaori Nazuka,Johnny Yong Bosch
185,Hachimitsu to kurôbâ,2005–    ,7.9,NA,"1,096",25,"Animation, Comedy, Drama            ",Haruka Kudô,Tomokazu Sugita,Hiroshi Kamiya,Yûji Ueda
186,Gangureivu,2003–2004,7.9,NA,"4,638",25,"Animation, Action, Crime            ",Kirk Thornton,Lex Lang,Beau Billingslea,Steve Blum
187,Fruits Basket,2001,7.9,NA,"5,293",24,"Animation, Comedy, Drama            ",Eric Vale,Laura Bailey,Yui Horie,Aya Hisakawa
188,"Ima, soko ni iru boku",1999–2000,7.9,NA,"1,621",25,"Animation, Action, Drama            ",Crispin Freeman,Dan Green,Ted Lewis,Dan Olk
189,Inuyasha,2000–2004,7.9,16,"14,791",24,"Animation, Action, Adventure            ",Kappei Yamaguchi,Richard Ian Cox,Darren Pleavin,Satsuki Yukino
190,Gakkô no kaidan,2000–2001,7.9,NA,"1,079",24,"Animation, Comedy, Horror            ",Takako Honda,Kurumi Mamiya,Tomoko Kawakami,Makoto Tsumura
191,Outlaw Star,1998–    ,7.9,NA,"3,459",26,"Animation, Action, Adventure            ",Ayako Kawasumi,Bob Buchholz,Bridget Hoffman,Emilie de Azevedo Brown
192,Kureyon Shin-chan,2006–2011,7.9,G,"5,110",25,"Animation, Comedy            ",Laura Bailey,Akiko Yajima,Cynthia Cranz,Colleen Clinkenbeard
193,Dejimon Adobenchâ,1999–2000,7.9,NA,"5,856",30,"Animation, Action, Adventure            ",Hiroaki Hirata,Toshiko Fujita,Chika Sakamoto,Yûko Mizutani
194,Uchû kaizoku kyaputen Hârokku,1978–1979,7.9,NA,"1,038",24,"Animation, Action, Adventure            ",Makio Inoue,Akira Kamiya,Ken'ichi Ogata,Chiyoko Kawashima
195,Rupan sansei,1971–1972,7.9,NA,"1,874",23,"Animation, Action, Adventure            ",Yasuo Yamada,Kiyoshi Kobayashi,Yukiko Nikaido,Gorô Naya
196,Captain Future,1978–1979,7.9,NA,"1,218",30,"Animation, Adventure, Sci-Fi            ",Taichirô Hirokawa,Eiko Masuyama,Kei'ichi Noda,Ken'ichi Ogata
197,Ranma ½,1989,7.9,U,"4,680",30,"Animation, Action, Comedy            ",Kappei Yamaguchi,Megumi Hayashibara,Noriko Hidaka,Sarah Strange
198,Doraemon,1979–2005,7.9,U,"3,115",25,"Animation, Adventure, Comedy            ",Nobuyo Ôyama,Noriko Ohara,Michiko Nomura,Kazuya Tatekabe
199,Grand Blue,2018–    ,7.8,16,"1,473",24,"Animation, Adventure, Comedy            ",Yuma Uchida,Ryohei Kimura,Hiroki Yasumoto,Katsuyuki Konishi
200,Mahô Tsukai no Yome,2017–    ,7.8,NA,"2,105",25,"Animation, Drama, Fantasy            ",Atsumi Tanezaki,Dani Chambers,Josh Grelle,Todd Haberkorn
201,Kono subarashii sekai ni shukufuku o!,2016–2017,7.8,16,"6,663",24,"Animation, Adventure, Comedy            ",Jun Fukushima,Sora Amamiya,Rie Takahashi,Ai Kayano
202,Overlord,2015–    ,7.8,18,"6,244",30,"Animation, Action, Adventure            ",Satoshi Hino,Chris Guerrero,Elizabeth Maxwell,Yumi Hara
203,Durarara!!x2,2015–2016,7.8,NA,"1,614",24,"Animation, Comedy, Crime            ",Darrel Guilbeau,Kyle McCarley,Hiroshi Kamiya,Kana Hanazawa
204,Ore Monogatari!!,2015,7.8,NA,"1,254",24,"Animation, Comedy, Romance            ",Takuya Eguchi,Megumi Han,Nobunaga Shimazaki,Tia Lynn Ballard
205,Akagami no Shirayuki-hime,2015–2016,7.8,NA,"2,047",24,"Animation, Drama, Fantasy            ",Saori Hayami,Ryôta Ôsaka,Yuichiro Umehara,Kaori Nazuka
206,Tokyo Ghoul,2014,7.8,18,"38,374",24,"Animation, Action, Drama            ",Natsuki Hanae,Austin Tindle,Sora Amamiya,Brina Palencia
207,Magi: The Labyrinth of Magic,2012–2014,7.8,NA,"3,192",25,"Animation, Action, Adventure            ",Kaori Ishihara,Yûki Kaji,Haruka Tomatsu,Erik Scott Kimerer
208,Hyouka,2012,7.8,NA,"3,399",24,"Animation, Comedy, Drama            ",Yûichi Nakamura,Satomi Sato,Felecia Angelle,Tia Lynn Ballard
209,Sakurasou no Pet na Kanojo,2012–2013,7.8,NA,"3,250",24,"Animation, Comedy, Drama            ",Yoshitsugu Matsuoka,Ai Kayano,Mariko Nakatsu,Natsumi Takamori
210,Black Lagoon: Roberta's Blood Trail,2010–2011,7.8,NA,"2,518",34,"Animation, Action, Drama            ",Megumi Toyoguchi,Daisuke Namikawa,Michie Tomizawa,Kazue Ikura
211,Kuroshitsuji,2008–2010,7.8,NA,"6,810",24,"Animation, Action, Comedy            ",Michael C. Pizzuto,J. Michael Tatum,Brina Palencia,Daisuke Ono
212,Shigurui,2007–    ,7.8,NA,"2,105",24,"Animation, Action, Drama            ",Daisuke Namikawa,Emi Shinohara,Seizô Katô,John Burgmeier
213,Katei Kyoshi Hitman Reborn!,2006–    ,7.8,NA,"1,266",25,"Animation, Action, Comedy            ",Hidenobu Kiuchi,Hidekazu Ichinose,Yukari Kokubun,Neeko
214,Sôru îtâ,2008–2009,7.8,NA,"11,284",24,"Animation, Action, Adventure            ",Laura Bailey,Chiaki Omigawa,Micah Solusod,Brittney Karbowski
215,Beastars,2019–    ,7.8,UA,"6,271",23,"Animation, Crime, Drama            ",Chikahiro Kobayashi,Yuki Ono,Sayaka Senbongi,Fukushi Ochiai
216,Darker Than Black: Kuro no keiyakusha,2007–2010,7.8,NA,"11,089",24,"Animation, Action, Drama            ",Jason Liebrecht,Kate Oxley,Christopher Sabat,Brina Palencia
217,School Rumble,2004–2010,7.8,NA,"1,895",25,"Animation, Comedy, Romance            ",Luci Christian,Brandon Potter,Brina Palencia,Caitlin Glass
218,Suzumiya Haruhi no yûutsu,2006–2009,7.8,13,"7,624",24,"Animation, Comedy, Fantasy            ",Tomokazu Sugita,Aya Hirano,Minori Chihara,Yûko Gotô
219,Paradise Kiss,2005–    ,7.8,NA,"1,440",23,"Animation, Comedy, Drama            ",Johnny Yong Bosch,Sam Carr,Mari Devon,Dorothy Elias-Fahn
220,Last Exile,2003,7.8,NA,"3,445",25,"Animation, Action, Adventure            ",Mayumi Asano,Chiwa Saitô,Paul St. Peter,Yukana
221,Arabian naitsu: Shinbaddo no bôken,1975–    ,7.8,NA,"1,299",24,"Animation, Adventure, Fantasy            ",Gernot Duda,Frank Engelhardt,Norbert Gastell,Inez Günther
222,Majingâ Zetto,1972–1974,7.8,NA,"1,180",30,"Action, Animation, Sci-Fi            ",Hiroya Ishimaru,Osamu Katô,Haruko Kitahama,Minori Matsushima
223,Shôkôjo Sêra,1985–1993,7.8,NA,"1,170",24,"Animation, Drama            ",Sumi Shimamoto,Taeko Nakanishi,Eiko Yamada,Teiyû Ichiryûsai
224,City Hunter,1987–1991,7.8,NA,"1,193",24,"Animation, Action, Comedy            ",Akira Kamiya,Kazue Ikura,Yôko Asagami,Tesshô Genda
225,Tenkû no Esukafurône,1996,7.8,NA,"3,914",30,"Animation, Action, Adventure            ",Kirby Morrow,Kelly Sheridan,Brian Drummond,Jocelyne Loewen
226,Fushigi no umi no Nadia,1990–1991,7.8,NA,"1,581",25,"Animation, Adventure, Drama            ",Bob Bergen,Noriko Hidaka,Carl Domaski,Judson Jones
227,Akage no An,1979,7.8,NA,"1,531",24,"Animation, Drama, Family            ",Eiko Yamada,Fumie Kitahara,Michio Hazama,Ryûji Saikachi
228,Fire Force,2019–    ,7.7,NA,"3,851",23,"Animation, Action, Drama            ",Gakuto Kajiwara,Kazuya Nakai,Christopher Wehkamp,Yûsuke Kobayashi
229,Yojo Senki: Saga of Tanya the Evil,2017–    ,7.7,NA,"2,205",24,"Animation, Action, Adventure            ",Amber Lee Connors,Monica Rial,Aoi Yûki,Joe Cucinotti
230,Kobayashi-san Chi No Maid Dragon,2017,7.7,NA,"2,668",24,"Animation, Comedy, Fantasy            ",Mutsumi Tamura,Yuuki Kuwahara,Maria Naganawa,Kerstin Julia Dietrich
231,Bungou Stray Dogs,2016–    ,7.7,16,"3,083",24,"Animation, Action, Comedy            ",Mamoru Miyano,Yûto Uemura,Kaiji Tang,Yoshimasa Hosoya
232,Log Horizon,2013–    ,7.7,NA,"3,515",25,"Animation, Action, Adventure            ",Jad Saxton,Mike Yager,Jôji Nakata,Andrew Love
233,Hataraku Maou-sama!,2013–    ,7.7,NA,"4,934",24,"Animation, Action, Comedy            ",Ryôta Ôsaka,Yôko Hikasa,Nao Tôyama,Yuki Ono
234,Shiki,2010–2011,7.7,NA,"2,887",24,"Animation, Drama, Horror            ",Tôru Ohkawa,Koki Uchiyama,Kazuyuki Okitsu,Wataru Takagi
235,Angel Beats!,2010,7.7,U,"12,101",25,"Animation, Action, Comedy            ",Hiroshi Kamiya,Harumi Sakurai,Kana Hanazawa,Ryohei Kimura
236,K-On!,2009–2010,7.7,NA,"3,010",24,"Animation, Comedy, Drama            ",Aki Toyosaki,Yôko Hikasa,Satomi Sato,Minako Kotobuki
237,Phantom: Requiem for the Phantom,2009–    ,7.7,NA,"1,499",25,"Animation, Action, Crime            ",Miyu Irino,Newton Pittman,Ayahi Takagaki,Lindsay Seidel
238,D.Gray-man,2006–2008,7.7,NA,"3,870",30,"Animation, Action, Adventure            ",Sanae Kobayashi,Todd Haberkorn,Shizuka Itô,Kenichi Suzumura
239,XXXHOLiC,2005–    ,7.7,NA,"1,669",15,"Animation, Comedy, Drama            ",Sayaka Ôhara,Jun Fukuyama,Kazuya Nakai,Shizuka Itô
240,Tekunoraizu,2003,7.7,NA,"2,390",15,"Animation, Drama, Sci-Fi            ",Michael Forest,Justin Gross,Satoshi Haga,Shizuka Itô
241,Kidô senshi Gundam Seed,2002–2003,7.7,NA,"2,239",50,"Animation, Action, Drama            ",Sôichirô Hoshi,Ted Cole,Brian Dobson,Adam Henderson
242,Full Metal Panic!,2002–    ,7.7,NA,"5,198",24,"Animation, Action, Adventure            ",Tomokazu Seki,Satsuki Yukino,Jason Douglas,Yukana
243,Captain Tsubasa J,1994–1995,7.7,NA,"1,303",24,"Animation, Drama, Romance            ",Nobuyuki Hiyama,Akira Ishida,Junko Iwao,Megumi Ogata
244,Dejimon Teimâzu,2001–2002,7.7,NA,"1,840",25,"Animation, Action, Adventure            ",Masako Nozawa,Yuka Imai,Makoto Tsumura,Mayumi Yamaguchi
245,Kareshi kanojo no jijou,1998–1999,7.7,NA,"1,355",24,"Animation, Comedy, Drama            ",Atsuko Enomoto,Megan Hollingshead,Christopher Nicholas,Dick Rodstein
246,Bishôjo senshi Sêrâ Mûn,1992–1997,7.7,All,"5,504",30,"Animation, Action, Adventure            ",Stephanie Sheh,Kotono Mitsuishi,Kate Higgins,Aya Hisakawa
247,Rôdosu-tô senki,1990–    ,7.7,NA,"2,375",25,"Animation, Action, Adventure            ",Takeshi Kusao,Yumi Tôma,Kappei Yamaguchi,Hideyuki Tanaka
248,Hataraku Saibou,2018–    ,7.6,NA,"1,652",24,"Animation, Action, Comedy            ",Karen Strassman,Mamiko Noto,Morgan Berry,Griffin Burns
249,Wotaku ni Koi wa Muzukashii,2018–2021,7.6,NA,"1,777",23,"Animation, Comedy, Romance            ",Arisa Date,Kent Ito,Miyuki Sawashiro,Tomokazu Sugita
250,Ajin,2016–    ,7.6,16,"5,394",24,"Animation, Action, Adventure            ",Mamoru Miyano,Martin Billany,Johnny Yong Bosch,Lucien Dodge
251,Kangoku gakuen,2015–    ,7.6,NA,"4,130",24,"Animation, Comedy            ",Hiroshi Kamiya,Katsuyuki Konishi,Kenichi Suzumura,Daisuke Namikawa
252,Gôruden taimu,2013–    ,7.6,NA,"2,335",24,"Animation, Comedy, Drama            ",Yui Horie,Makoto Furukawa,Mike Haimoto,Ai Kayano
253,Sword Art Online,2012–    ,7.6,18,"37,602",24,"Animation, Action, Adventure            ",Yoshitsugu Matsuoka,Haruka Tomatsu,Bryce Papenbrook,Cherami Leigh
254,High School DxD,2012–2018,7.6,18,"7,283",23,"Animation, Action, Comedy            ",Yûki Kaji,Yôko Hikasa,Azumi Asakura,Shizuka Itô
255,Anazâ,2012,7.6,18,"11,623",25,"Animation, Drama, Horror            ",Atsushi Abe,Natsumi Takamori,Tomoaki Maeno,Greg Ayres
256,Mirai nikki,2011–2013,7.6,NA,"14,691",25,"Animation, Action, Drama            ",Josh Grelle,Brina Palencia,Leah Clark,Emily Neves
257,Beelzebub,2011–    ,7.6,NA,"1,707",15,"Animation, Action, Comedy            ",Shizuka Itô,Katsuyuki Konishi,Takahiro Mizushima,Miyuki Sawashiro
258,Panti & Sutokkingu with Gâtâberuto,2010,7.6,NA,"1,576",23,"Animation, Action, Comedy            ",Jamie Marchi,Arisa Ogasawara,Mariya Ise,Kôji Ishii
259,Higashi no Eden,2009,7.6,NA,"3,448",23,"Animation, Action, Comedy            ",Ryohei Kimura,Saori Hayami,Leah Clark,Jason Liebrecht
260,Ghost Hunt,2006–    ,7.6,NA,"1,296",25,"Animation, Comedy, Drama            ",Colleen Clinkenbeard,Todd Haberkorn,Cherami Leigh,Travis Willingham
261,Baki the Grappler,2001–2007,7.6,NA,"1,121",24,"Animation, Action, Drama            ",Bob Carter,Masami Kikuchi,Robert McCollum,Naomi Kusumi
262,Kanon,2006–2007,7.6,NA,"1,439",22,"Animation, Comedy, Drama            ",Chris Patton,Tomokazu Sugita,Mariko Kouda,Jessica Boone
263,Blood+,2005–2006,7.6,NA,"4,308",25,"Animation, Action, Adventure            ",Eri Kitamura,Katsuyuki Konishi,Hiroyuki Yoshino,Akiko Yajima
264,Samurai 7,2004,7.6,NA,"3,818",25,"Animation, Action, Adventure            ",R. Bruce Elliott,Christopher Sabat,Sean Teague,Colleen Clinkenbeard
265,Ekkusu,2001–2002,7.6,NA,"1,456",24,"Animation, Action, Drama            ",Kenichi Suzumura,Jun'ichi Suwabe,Ryôka Yuzuki,Crispin Freeman
266,Nirusu no fushigi na tabi,1980–1981,7.6,NA,"2,510",24,"Animation, Adventure, Family            ",Helga Anders,Erich Ludwig,Alexandra Mink,Eberhard Mondry
267,Janguru Bukku shônen Môguri,1989–2020,7.6,NA,"1,153",24,"Animation, Adventure, Drama            ",Urara Takano,Banjô Ginga,Julian Bailey,Thor Bishopric
268,The Big O,1999–2003,7.6,NA,"1,896",25,"Animation, Adventure, Sci-Fi            ",Mitsuru Miyamoto,Steve Blum,Akiko Yajima,Motomu Kiyokawa
269,Street Fighter II: V,1995–1998,7.6,NA,"2,090",22,"Animation, Action, Adventure            ",Tesshô Genda,Skip Stellrecht,Kirk Thornton,Randy McPherson
270,Sailor Moon,1995–2000,7.6,NA,"11,790",24,"Animation, Action, Adventure            ",Susan Roman,Jill Frappier,Katie Griffin,Ron Rubin
271,Tenchi Muyô!,1992–    ,7.6,NA,"1,936",30,"Animation, Adventure, Comedy            ",Flavia Fontenelle,Matt K. Miller,Sherry Lynn,K.T. Vogt
272,Goblin Slayer,2018–    ,7.5,16,"5,070",30,"Animation, Action, Adventure            ",Yuichiro Umehara,Yui Ogura,Hayden Daviau,Brad Hawkins
273,Hai to gensô no Grimgar,2016,7.5,NA,"2,094",24,"Animation, Adventure, Drama            ",Ricco Fajardo,Jarrod Greene,Orion Pitts,Jeannie Tirado
274,"Gate: Jieitai Kanochi nite, Kaku Tatakaeri",2015–    ,7.5,NA,"2,744",24,"Animation, Action, Adventure            ",Jun'ichi Suwabe,Nao Tôyama,Hisako Kanemoto,Risa Taneda
275,Dungeon ni Deai wo Motomeru no wa Machigatteiru Darou ka,2015–    ,7.5,NA,"5,661",24,"Animation, Action, Adventure            ",Bryson Baugus,Luci Christian,Hilary Haag,Yoshitsugu Matsuoka
276,Owari no serafu,2015,7.5,18,"3,706",24,"Animation, Action, Adventure            ",Miyu Irino,Micah Solusod,Saori Hayami,Nobuhiko Okamoto
277,Charlotte,2015–2016,7.5,NA,"4,525",24,"Animation, Drama, Family            ",Koki Uchiyama,Ayane Sakura,Momo Asakura,Takahiro Mizushima
278,Jormungand,2012–    ,7.5,NA,"1,018",24,"Animation, Action, Crime            ",Shizuka Itô,Mutsumi Tamura,Wataru Hatano,Hitoshi Yanai
279,Kokoro Connect,2012,7.5,NA,"1,794",15,"Animation, Comedy, Drama            ",Takahiro Mizushima,Aki Toyosaki,Miyuki Sawashiro,Hisako Kanemoto
280,Ao no ekusoshisuto,2011–2012,7.5,NA,"11,241",30,"Animation, Action, Drama            ",Nobuhiko Okamoto,Bryce Papenbrook,Jun Fukuyama,Johnny Yong Bosch
281,Ben 10: Ultimate Alien,2010–2012,7.5,All,"5,174",22,"Animation, Action, Adventure            ",Yuri Lowenthal,Ashley Johnson,Dee Bradley Baker,Greg Cipes
282,To aru kagaku no rêrugan,2009–    ,7.5,NA,"1,171",24,"Animation, Action, Comedy            ",Rina Satô,Satomi Arai,Aki Toyosaki,Kanae Itô
283,Itazura na Kiss,2008,7.5,NA,"1,366",24,"Animation, Comedy, Drama            ",Daisuke Hirakawa,Nana Mizuki,Naoko Matsui,Takashi Nagasako
284,Jigoku shôjo,2005–2006,7.5,NA,"1,575",15,"Animation, Drama, Fantasy            ",Mamiko Noto,Masaya Matsukaze,Takako Honda,Takayuki Sugô
285,Dejimon adobenchâ 02,2000–2001,7.5,NA,"1,463",30,"Animation, Action, Adventure            ",Tifanie Christun,Brian Donovan,Doug Erholtz,Lara Jill Miller
286,Heppoko jikken animêshon excel saga,1999–2001,7.5,NA,"1,285",15,"Animation, Comedy, Drama            ",Kotono Mitsuishi,Takehito Koyasu,Jason Douglas,Omi Minami
287,Poketto monsutâ,1997–    ,7.5,NA,"38,257",24,"Animation, Action, Adventure            ",Veronica Taylor,Rachael Lillis,Eric Stuart,Ikue Ôtani
288,Sureiyâzu,1995–2009,7.5,NA,"2,052",25,"Animation, Action, Adventure            ",Megumi Hayashibara,Yasunori Matsumoto,Lisa Ortiz,Eric Stuart
289,Meitantei Holmes,1984–1985,7.5,NA,"1,276",24,"Animation, Action, Adventure            ",Taichirô Hirokawa,Kôsei Tomita,Yôko Asagami,Patricia Parris
290,Arupusu no shôjo Haiji,1974,7.5,NA,"4,774",24,"Animation, Adventure, Drama            ",Randi Kiger,Vic Perrin,Kazuko Sugiyama,Kôhei Miyauchi
291,Go-Toubun no Hanayome,2019–    ,7.4,13,"1,937",24,"Animation, Comedy, Drama            ",Yoshitsugu Matsuoka,Kana Hanazawa,Ayana Taketatsu,Miku Itou
292,DARLING in the FRANXX,2018,7.4,Not Rated,"5,364",24,"Animation, Action, Drama            ",Yûto Uemura,Kana Ichinose,Nanami Yamashita,Saori Hayami
293,Ao no ekusoshisuto: Kyoto fujô ô-hen,2017,7.4,NA,"1,918",24,"Animation, Action, Drama            ",Nobuhiko Okamoto,Rina Satô,Yûki Kaji,Kazuya Nakai
294,Shingeki no Bahamut: Genesis,2014,7.4,NA,"1,274",24,"Animation, Action, Fantasy            ",Tia Lynn Ballard,Brian Mathis,Kyle Phillips,Chris Rager
295,Suisei no Gargantia,2013–    ,7.4,NA,"1,468",15,"Animation, Adventure, Drama            ",Fabien Albanese,Janice Kawaye,Alan Lee,Michelle Ruff
296,Chuunibyou demo koi ga shitai!,2012–    ,7.4,NA,"2,777",25,"Animation, Comedy, Drama            ",Jun Fukuyama,Maaya Uchida,Chinatsu Akasaki,Leraldo Anzaldua
297,Gosick,2011,7.4,NA,"1,053",24,"Animation, Comedy, Drama            ",Aoi Yûki,Takuya Eguchi,Matt Shipman,Apphia Yu
298,Hetalia: Axis Powers,2009–2016,7.4,NA,"1,216",25,"Animation, Comedy            ",Todd Haberkorn,Patrick Seitz,Eric Vale,Jamie Marchi
299,Sekirei,2008–2010,7.4,NA,"2,077",23,"Animation, Action, Comedy            ",Joel McDonald,Alexis Tipton,Tia Lynn Ballard,Leah Clark
300,Vanpaia naito,2008–    ,7.4,NA,"4,572",24,"Animation, Action, Drama            ",Yui Horie,Mamoru Miyano,Daisuke Kishio,Jun Fukuyama
301,Kaze no stigma,2007,7.4,NA,"1,402",24,"Animation, Action, Comedy            ",Josh Grelle,Kyle Hebert,Cherami Leigh,Robert McCollum
302,Shinchô yûsha ~ kono yûsha ga ore TUEEE kuse ni shinchô sugiru ~,2019–    ,7.4,18,"1,339",23,"Animation, Action, Adventure            ",Yuichiro Umehara,Aki Toyosaki,Anthony Bowling,Jamie Marchi
303,Aa Megamisama,2005,7.4,NA,"1,101",25,"Animation, Comedy, Drama            ",Kikuko Inoue,Masami Kikuchi,Yumi Tôma,Matt Caplan
304,Fate/stay night,2006,7.4,NA,"4,990",23,"Animation, Action, Adventure            ",Noriaki Sugiyama,Kate Higgins,Candice Moore,Liam O'Brien
305,Tsubasa kuronikuru,2005–2010,7.4,NA,"1,188",25,"Animation, Action, Adventure            ",Miyu Irino,Yui Makino,Daisuke Namikawa,Tetsu Inada
306,Gunslinger Girl,2003–2004,7.4,NA,"2,079",25,"Animation, Action, Drama            ",Yuka Nanri,Hidenobu Kiuchi,Laura Bailey,John Burgmeier
307,Ganbare! Kikkâzu,1986–    ,7.4,NA,"1,012",24,"Animation, Comedy, Drama            ",Yûko Kobayashi,Tarako,Michie Tomizawa,Ikue Ôtani
308,Gyangusuta,2015,7.3,NA,"2,138",24,"Animation, Action, Drama            ",Mamiko Noto,Felecia Angelle,Jun'ichi Suwabe,Kenjirô Tsuda
309,Kekkai Sensen,2015–2017,7.3,NA,"1,667",24,"Animation, Action, Adventure            ",Daisuke Sakaguchi,Kazuya Nakai,Aaron Dismuke,Phil Parsons
310,Kyoukai no kanata,2013–    ,7.3,NA,"1,803",24,"Animation, Action, Comedy            ",Kenichiro Ohashi,Risa Taneda,Minori Chihara,Clint Bickham
311,Sora no otoshimono,2009–2010,7.3,NA,"1,674",25,"Animation, Action, Comedy            ",Jamie Marchi,Brittney Karbowski,Saori Hayami,Terri Doty
312,Mao Gakuin no Futekigosha,2020–2022,7.3,NA,"1,268",23,"Animation, Adventure, Comedy            ",Tatsuhisa Suzuki,Tomori Kusunoki,Aleks Le,Yuko Natsuyoshi
313,BNA,2020,7.3,NA,"1,634",23,"Animation, Action, Fantasy            ",Sumire Morohoshi,Yoshimasa Hosoya,Gara Takashima,Ben Diskin
314,"Kanojo, Okarishimasu",2020–    ,7.3,NA,"2,112",23,"Animation, Comedy, Romance            ",Landon McDonald,Sora Amamiya,Shun Horie,Lizzie Freeman
315,Raki suta: Lucky Star,2007–2008,7.3,NA,"1,988",25,"Animation, Adventure, Comedy            ",Aya Hirano,Emiri Kato,Kaori Fukuhara,Aya Endô
316,Sunabôzu,2004–2005,7.3,NA,"1,233",25,"Animation, Action, Comedy            ",Cole Brown,Eric Vale,Chihiro Suzuki,Luci Christian
317,Witch Hunter Robin,2002–2003,7.3,NA,"1,914",25,"Animation, Action, Adventure            ",Akeno Watanabe,Steve Blum,Paul St. Peter,Karen Strassman
318,Buru Jenda,1999–2000,7.3,NA,"1,121",18,"Animation, Adventure, Drama            ",Tomohisa Asô,Laura Bailey,Houko Kuwashima,Kenji Nojima
319,Chobits,2002–2003,7.3,NA,"4,143",20,"Animation, Comedy, Drama            ",Rie Tanaka,Crispin Freeman,Tomokazu Sugita,Karen Strassman
320,Digimon: Digital Monsters,1999–2003,7.3,NA,"20,503",24,"Animation, Action, Adventure            ",Steve Blum,Mona Marshall,Tifanie Christun,Derek Stephen Prince
321,Pacific Rim,2021–    ,7.2,16,"2,538",30,"Animation, Action, Adventure            ",Gideon Adlon,Calum Worthy,Erica Lindbeck,Victoria Grace
322,Brotherhood: Final Fantasy XV,2016,7.2,NA,"1,227",15,"Animation, Action, Adventure            ",Tatsuhisa Suzuki,Kenta Miyake,Tetsuya Kakihara,Mamoru Miyano
323,Aldnoah.Zero,2014–    ,7.2,NA,"2,003",25,"Animation, Action, Adventure            ",Zach Aguilar,Sora Amamiya,Sandy Fox,Erika Harlacher
324,Nisekoi,2014,7.2,NA,"2,586",25,"Animation, Comedy, Romance            ",Koki Uchiyama,Nao Tôyama,Kana Hanazawa,Yumi Uchiyama
325,Accel World,2012–    ,7.2,NA,"1,867",24,"Animation, Action, Romance            ",Stephanie Sheh,Erik Scott Kimerer,Kira Buckland,Lucien Dodge
326,Deadman Wonderland,2011,7.2,16,"9,218",24,"Animation, Action, Drama            ",Greg Ayres,Kana Hanazawa,Romi Pak,Monica Rial
327,Gakuen mokushiroku: HIGHSCHOOL OF THE DEAD,2010,7.2,NA,"11,128",24,"Animation, Action, Drama            ",Jun'ichi Suwabe,Eri Kitamura,Nobuyuki Hiyama,Hitomi Harada
328,Ben 10: Alien Force,2008–2010,7.2,All,"7,242",22,"Animation, Action, Adventure            ",Yuri Lowenthal,Dee Bradley Baker,Ashley Johnson,Greg Cipes
329,Air Gear,2006–    ,7.2,NA,"1,168",25,"Animation, Action, Comedy            ",Kenta Kamakari,Mariya Ise,Chris Patton,Luci Christian
330,Air,2005,7.2,NA,"1,287",24,"Animation, Drama, Fantasy            ",Daisuke Ono,Tomoko Kawakami,Monica Rial,Aya Hisakawa
331,Ben 10,2005–2008,7.2,All,"13,785",22,"Animation, Action, Adventure            ",Tara Strong,Paul Eiding,Meagan Moore,Dee Bradley Baker
332,Gantz,2004,7.2,NA,"7,086",22,"Animation, Action, Comedy            ",Chris Ayres,Emily Carter-Essex,Shannon Emerick,John Gremillion
333,Chrono Crusade,2003–2004,7.2,NA,"1,444",30,"Animation, Action, Adventure            ",Tomoko Kawakami,Akira Ishida,Greg Ayres,Hilary Haag
334,RahXephon,2002,7.2,NA,"1,583",25,"Animation, Action, Drama            ",Chris Patton,Monica Rial,Tiffany Grant,Jason Douglas
335,Noir,2001–    ,7.2,NA,"1,830",25,"Animation, Action, Crime            ",Houko Kuwashima,Kotono Mitsuishi,Shelley Calene-Black,Monica Rial
336,Chîsana baikingu Bikke,1974–    ,7.2,NA,"1,859",23,"Animation, Adventure, Comedy            ",Wolf Ackva,Harald Baerow,Ivar Combrinck,Gustl Datz
337,Yu-Gi-Oh!,I    (2000–,7.2,NA,"18,857",24,"Animation, Action, Adventure            ",Dan Green,Wayne Grayson,Amy Birnbaum,Eric Stuart
338,Mahha GoGoGo,1967–1968,7.2,NA,"2,589",30,"Animation, Action, Adventure            ",Katsuji Mori,Peter Fernandez,Corinne Orr,Jack Grimes
339,Isekai Mao to Shokan Shojo no Dorei Majutsu,2018–    ,7.1,18,"1,919",24,"Animation, Adventure, Comedy            ",Masaaki Mizunaka,Yû Serizawa,Azumi Waki,Jad Saxton
340,Super Dragon Ball Heroes,2018–    ,7.1,NA,"1,701",10,"Animation, Action, Adventure            ",Ryô Horikawa,Takeshi Kusao,Masako Nozawa,Ryûsei Nakao
341,Kujira no kora wa sajô ni utau,2017,7.1,NA,"1,329",24,"Animation, Drama, Fantasy            ",Tony Azzolino,Brian Beacock,Johnny Yong Bosch,Reba Buhr
342,Sword Oratoria: Dungeon ni deai o motomeru no wa machigatteiru no darô ka? Gaiden,2017–    ,7.1,NA,"1,044",25,"Animation, Action, Adventure            ",Saori Oonishi,Juri Kimura,Shelley Calene-Black,Kelley Peters
343,Strike the Blood,2013–    ,7.1,NA,"1,354",24,"Animation, Action, Comedy            ",Yoshimasa Hosoya,Risa Taneda,Ikumi Hayama,Rina Hidaka
344,Boku wa tomodachi ga sukunai,2011–    ,7.1,NA,"1,845",25,"Animation, Comedy, Drama            ",Ryohei Kimura,Marina Inoue,Kanae Itô,Jerry Jewell
345,K,2012–    ,7.1,13,"1,963",24,"Animation, Action, Drama            ",Sam Riegel,Stephanie Sheh,Johnny Yong Bosch,Todd Haberkorn
346,Btooom!,2012,7.1,NA,"3,341",25,"Animation, Action, Drama            ",Tyler Galindo,Kanata Hongô,Brittney Karbowski,Suzuko Mimori
347,Giruti kuraun: Guilty Crown,2011–2012,7.1,NA,"4,258",23,"Animation, Action, Romance            ",Yûki Kaji,Ai Kayano,Kana Hanazawa,Kate Bristol
348,Kore wa Zombie desu ka?,2011–2012,7.1,NA,"1,500",25,"Animation, Action, Comedy            ",Cherami Leigh,Jad Saxton,Austin Tindle,Morgan Laure
349,Black Blood Brothers,2006–    ,7.1,NA,"1,122",15,"Animation, Action, Comedy            ",Leah Clark,Colleen Clinkenbeard,Omi Minami,Takahiro Sakurai
350,Witchblade,2006,7.1,NA,"1,300",30,"Animation, Action, Adventure            ",Jamie Marchi,Akemi Kanda,Rikiya Koyama,Cherami Leigh
351,Trinity Blood,2005,7.1,NA,"2,594",20,"Animation, Action, Drama            ",Hiroki Touchi,Russell Wait,Troy Baker,Mamiko Noto
352,Kidô senshi Gundam Seed Destiny,2004–2005,7.1,NA,"1,290",25,"Animation, Action, Drama            ",James Blight,Matthew Erickson,Vanessa Morley,Sam Vincent
353,Monster Farm: Enbanseki no himitsu,1999–2001,7.1,NA,"1,281",20,"Animation, Action, Adventure            ",Andrew Francis,Janyse Jaud,Scott McNeil,Maggie Blue O'Hara
354,Boruto: Naruto Next Generations,2017–    ,7,Not Rated,"9,629",23,"Animation, Action, Adventure            ",Yûko Sanpei,Kokoro Kikuchi,Ryûichi Kijima,Kenshô Ono
355,God Eater,2015–    ,7,NA,"1,597",24,"Animation, Action, Sci-Fi            ",Tomohisa Asô,Kira Buckland,Robbie Daymond,Dorah Fine
356,Himouto! Umaruchan,2015–    ,7,NA,"1,098",24,"Animation, Comedy            ",Aimi Tanaka,Akari Kageyama,Emily Neves,Sara Ornelas
357,Date a Live,2013–    ,7,NA,"2,235",25,"Animation, Action, Comedy            ",Josh Grelle,Bryn Apprill,Michelle Rojas,Michelle Lee
358,Rozario to banpaia,2008,7,NA,"2,583",25,"Animation, Comedy, Fantasy            ",Daisuke Kishio,Nana Mizuki,Tia Lynn Ballard,Leah Clark
359,Zero no tsukaima,2006–    ,7,NA,"1,760",24,"Animation, Action, Adventure            ",Rie Kugimiya,Satoshi Hino,Nicholas Manelick,Jonathan Meza
360,Tenjô tenge,2004,7,NA,"1,154",23,"Animation, Action, Comedy            ",Kim Strauss,Jun'ichi Suwabe,Christopher Corey Smith,Aya Hisakawa
361,Tokyo Mew Mew,2002–2003,7,NA,"1,047",30,"Animation, Action, Adventure            ",Veronica Taylor,Saki Nakajima,Megumi Ogata,Kôichi Tôchika
362,Jûbê ninpûchô: Ryûhôgyoku-hen,2003–    ,7,NA,"1,488",30,"Animation, Action, Adventure            ",Rikiya Koyama,David Rasner,Houko Kuwashima,Daisy Tormé
363,Onegai Teacher,2002–    ,7,NA,"1,072",25,"Animation, Comedy, Romance            ",Sôichirô Hoshi,Kikuko Inoue,Ayako Kawasumi,Sayaka Ôhara
364,Scryed,2001–    ,7,NA,"1,043",50,"Animation, Action, Adventure            ",Steve Blum,Carrie Savage,Jason Spisak,Kirk Thornton
365,Rabu Hina,2000–2001,7,NA,"2,092",50,"Animation, Comedy, Drama            ",Yûji Ueda,Yui Horie,Masayo Kurata,Yu Asakawa
366,Ultraman,2019–    ,6.9,NA,"1,607",25,"Animation, Action, Sci-Fi            ",D.C. Douglas,Josh Hutcherson,Cristina Valenzuela,Tara Sands
367,Tokyo Ghoul: re,2018,6.9,18,"6,851",24,"Animation, Action, Drama            ",Natsuki Hanae,Austin Tindle,Adam Gibbs,Mikaela Krantz
368,Sword Art Online Alternative: Gun Gale Online,2018–    ,6.9,NA,"1,697",24,"Animation, Action, Adventure            ",Tomori Kusunoki,Yôko Hikasa,Kazuyuki Okitsu,Morgan Berry
369,Kuzu no honkai,2017,6.9,18,"1,274",22,"Animation, Drama, Romance            ",Chika Anzai,Shintarô Asanuma,Greg Cote,Maggie Flecknoe
370,Danganronpa: Kibô no gakuen to zetsubô no kôkôsei - The animation,2013,6.9,NA,"1,848",25,"Animation, Action, Crime            ",Megumi Ogata,Yôko Hikasa,Chiwa Saitô,Nobuyo Ôyama
371,Freezing,2011–    ,6.9,NA,"1,338",24,"Animation, Action, Romance            ",Caitlin Glass,Josh Grelle,Jamie Marchi,Tia Lynn Ballard
372,To aru majutsu no indekkusu,2008–2019,6.9,NA,"1,567",23,"Animation, Action, Comedy            ",Monica Rial,Micah Solusod,Alexis Tipton,Caitlin Glass
373,Arifureta Shokugyou de Sekai Saikyou,2019–    ,6.9,NA,"1,271",23,"Animation, Action, Adventure            ",Tia Lynn Ballard,Matt Shipman,AmaLee,Patrick Seitz
374,.hack//SIGN,2002–2003,6.9,NA,"1,199",25,"Animation, Action, Adventure            ",Megumi Toyoguchi,Kazuhiro Nakata,Amanda Winn Lee,Paul Mercier
375,Bakuten shoot beyblade,2001–2005,6.9,7,"5,347",30,"Animation, Action, Family            ",Marlowe Gardiner-Heslin,Alex Hood,Gage Knox,Daniel DeSanto
376,Medabots,1999–2004,6.9,NA,"2,112",30,"Animation, Sci-Fi, Action            ",Laurent Vernin,Dwayne Hill,Julie Lemieux,Terry McGurrin
377,Sirius the Jaeger,2018–    ,6.8,NA,"1,396",25,"Animation, Action, History            ",Yûto Uemura,Ken'yû Horiuchi,Nanako Mori,Yûsuke Kobayashi
378,Gakusen toshi asterisk,2015–    ,6.8,NA,"1,544",23,"Animation, Action, Comedy            ",Atsushi Tamaru,Ai Kakuma,Kira Buckland,Erik Scott Kimerer
379,Attack on Titan: Junior High,2015,6.8,NA,"1,365",17,"Animation, Action, Adventure            ",Yûki Kaji,Yui Ishikawa,Marina Inoue,Kishô Taniyama
380,High-Rise Invasion,2021–    ,6.8,18,"1,155",25,"Animation, Action, Horror            ",Haruka Shiraishi,Shiki Aoki,Yuichiro Umehara,Zeno Robinson
381,Yûgiô: 5D's,2008–2011,6.8,NA,"1,383",30,"Animation, Action, Adventure            ",Gregory Abbey,Ted Lewis,Marc Diraison,Jason Griffith
382,Yu-Gi-Oh! GX,2004–2008,6.8,NA,"4,034",30,"Animation, Action, Adventure            ",Matthew Labyorteaux,Wayne Grayson,Tony Salerno,Kanako Irie
383,Dejimon furontiâ,2002–2003,6.8,NA,"2,321",30,"Animation, Action, Adventure            ",Rica Fukami,Sawa Ishige,Masami Kikuchi,Michael Shitanda
384,Dragon Ball GT: Doragon bôru jîtî,1996–2003,6.8,NA,"24,010",24,"Animation, Action, Adventure            ",Elise Baughman,Andrew Chandler,Masako Nozawa,Yûko Minaguchi
385,Monster Musume no Iru Nichijou,2015–    ,6.7,NA,"1,768",23,"Animation, Comedy, Fantasy            ",Junji Majima,Sora Amamiya,Bryson Baugus,Allison L. Sumrall
386,Shinmai Maou no Testament,2015–    ,6.7,NA,"1,743",24,"Animation, Action, Fantasy            ",Brian Beacock,Kira Buckland,Lauren Landa,Yûichi Nakamura
387,Hoshi no Kirby,2001–2003,6.7,NA,"1,306",21,"Animation, Action, Adventure            ",Ted Lewis,Madeleine Blaustein,Jerry Lobozzo,Kerry Williams
388,Mitsubachi Mâya no bôken,1975–1980,6.7,NA,"3,763",30,"Animation, Adventure, Comedy            ",Doris Jensen,Kurt Zips,Arthur Holden,Michiko Nomura
389,Death March kara Hajimaru Isekai Kyousoukyoku,2018–    ,6.6,NA,"1,214",24,"Animation, Adventure, Comedy            ",Justin Briner,Brittney Karbowski,Margaret McDonald,Brittany Lauda
390,Kappa Mikey,2006–2008,6.5,NA,"1,022",22,"Animation, Adventure, Comedy            ",Jesse Adams,Michael Sinterniklaas,Sean Schemmel,Gary Littman
391,7Seeds,2019–    ,6.4,16,"1,055",25,"Animation, Action, Adventure            ",Scott Gibbs,Alejandro Saab,Jad Saxton,Amber Lee Connors
392,Satsuriku no Tenshi,2018–    ,6.4,NA,"1,163",24,"Animation, Adventure, Horror            ",Haruka Chisuga,Meg McClain,Dallas Reid,Derick Snow
393,Iron Man,2010,6.4,NA,"1,109",25,"Animation, Action, Sci-Fi            ",Adrian Pasdar,Ben Diskin,Eden Riegel,Laura Bailey
394,Nihon Chinbotsu 2020,2020–    ,6.4,18,"2,360",25,"Animation, Adventure, Drama            ",Ryan Bartley,Billy Kametz,Faye Mata,Grace Lynn Kung
395,Tottoko Hamutaro,2000–2006,6.4,NA,"1,949",30,"Animation, Adventure, Comedy            ",Kurumi Mamiya,Ellen Kennedy,Chris Kalhoon,Ted Cole
396,Citrus,2018–    ,6.3,NA,"1,433",24,"Animation, Drama, Romance            ",Amber Lee Connors,Yukiyo Fujii,Margaret McDonald,Megan Shipman
397,Blood-C,2011,6.3,NA,"1,212",25,"Animation, Action, Fantasy            ",Alexis Tipton,Scott Freeman,Todd Haberkorn,Bill Jenkins
398,Kaifuku Jutsushi no Yarinaoshi,2021–    ,6.2,NA,"1,076",24,"Animation, Action, Adventure            ",Yuya Hozumi,Ayano Shibuya,Shizuka Ishigami,Mami Fujita
399,Hi Hi Puffy AmiYumi,2004–2006,6.2,NA,"3,417",25,"Animation, Short, Adventure            ",Keone Young,Grey Griffin,Janice Kawaye,Ami Onuki
400,Sonic X,2003–2006,6.2,NA,"3,828",30,"Animation, Action, Adventure            ",Gabriella Lewis,Jun'ichi Kanemaru,Sanae Kobayashi,Jason Griffith
401,Sukûru deizu,2007,6,NA,"2,033",25,"Animation, Drama, Romance            ",Daisuke Hirakawa,Shiho Kawaragi,Tae Okajima,Keiko Imoto
402,Ikki tôsen,2003–    ,6,NA,"1,032",30,"Animation, Action, Adventure            ",Yûko Kaida,Masumi Asano,Satoshi Hino,Kikuko Inoue
403,Metaru faito Beibureedo,2009–2013,5.9,NA,"1,159",30,"Animation, Action, Family            ",Jason Deline,Carter Hayden,Andrew Jackson,Scott Gorman
404,Ben 10: Omniverse,2012–2014,5.8,7,"3,410",22,"Animation, Action, Adventure            ",Yuri Lowenthal,Bumper Robinson,Eric Bauza,Paul Eiding
405,Bakugan Battle Brawlers,2007–2010,5.5,NA,"2,277",22,"Animation, Action, Adventure            ",Jason Deline,Julie Lemieux,Carter Hayden,Shawn Meunier
406,Star Wars: Resistance,2018–2020,5,NA,"4,379",30,"Animation, Action, Adventure            ",Christopher Sean,Scott Lawrence,Josh Brener,Suzie McGrath
407,Seinto Seiya: Knights of the Zodiac,2019–2020,4.5,NA,"1,641",25,"Animation, Action, Adventure            ",Bryson Baugus,Marty Fleck,Emily Neves,Ty Mahany
