,title,year,rating,metascore,certificate,votes,runtime,gener,director,star1,star2,star3,star4,gross
0,Soorarai Pottru,2020,8.6,na,U,"58,742",153 min,Drama            ,Sudha Kongara,Suriya,Madhavan,Aparna Balamurali,Paresh Rawal,0
1,Gol Maal,1979,8.6,na,U,"18,169",144 min,"Comedy, Romance            ",Hrishikesh Mukherjee,Amol Palekar,Bindiya Goswami,Deven Verma,Shubha Khote,0
2,Black Friday,2004,8.5,76,(Banned),"19,125",143 min,"Action, Crime, Drama            ",Anurag Kashyap,Kay Kay Menon,Pawan Malhotra,Aditya Srivastav,Dibyendu Bhattacharya,$0.03M
3,Vada Chennai,2018,8.4,na,18,"11,815",164 min,"Action, Crime, Drama            ",Vetrimaaran,Dhanush,Ameer Sultan,Radha Ravi,Daniel Balaji,0
4,Dangal,2016,8.4,na,U,"161,054",161 min,"Action, Biography, Drama            ",Nitesh Tiwari,Aamir Khan,Sakshi Tanwar,Fatima Sana Shaikh,Sanya Malhotra,$12.39M
5,3 Idiots,2009,8.4,67,UA,"351,003",170 min,"Comedy, Drama            ",Rajkumar Hirani,Aamir Khan,Madhavan,Mona Singh,Sharman Joshi,$6.53M
6,Taare Zameen Par,2007,8.4,na,U,"172,864",165 min,"Drama, Family            ",Aamir Khan,Amole Gupte,Darsheel Safary,Aamir Khan,Tisca Chopra,$1.22M
7,Jaane Bhi Do Yaaro,1983,8.4,na,U,"13,326",132 min,"Comedy, Crime, Drama            ",Kundan Shah,Naseeruddin Shah,Ravi Baswani,Bhakti Barve,Satish Shah,0
8,Tumbbad,2018,8.3,na,A,"29,568",104 min,"Drama, Fantasy, Horror            ",Rahi Anil Barve,Anand Gandhi,Adesh Prasad,Sohum Shah,Jyoti Malshe,0
9,Khosla Ka Ghosla!,2006,8.3,na,U,"22,454",135 min,"Comedy, Crime, Drama            ",Dibakar Banerjee,Anupam Kher,Boman Irani,Parvin Dabas,Tara Sharma,$0.03M
10,Chupke Chupke,1975,8.3,na,U,"11,763",146 min,"Comedy, Drama, Romance            ",Hrishikesh Mukherjee,Dharmendra,Sharmila Tagore,Amitabh Bachchan,Jaya Bachchan,0
11,Anand,1971,8.3,na,U,"31,258",122 min,"Drama, Musical            ",Hrishikesh Mukherjee,Rajesh Khanna,Amitabh Bachchan,Sumita Sanyal,Ramesh Deo,0
12,Chhichhore,2019,8.2,na,UA,"35,388",143 min,"Comedy, Drama            ",Nitesh Tiwari,Sushant Singh Rajput,Shraddha Kapoor,Varun Sharma,Prateik,$0.90M
13,Uri: The Surgical Strike,2018,8.2,na,UA,"44,371",138 min,"Action, Drama, War            ",Aditya Dhar,Vicky Kaushal,Paresh Rawal,Mohit Raina,Yami Gautam,$4.19M
14,Andhadhun,2018,8.2,na,UA,"74,926",139 min,"Crime, Drama, Music            ",Sriram Raghavan,Ayushmann Khurrana,Tabu,Radhika Apte,Anil Dhawan,$1.37M
15,Talvar,2015,8.2,na,UA,"31,645",132 min,"Crime, Drama, Mystery            ",Meghna Gulzar,Irrfan Khan,Konkona Sen Sharma,Neeraj Kabi,Sohum Shah,$0.34M
16,Masaan,2015,8.2,na,A,"24,304",109 min,Drama            ,Neeraj Ghaywan,Richa Chadha,Sanjay Mishra,Vicky Kaushal,Pankaj Tripathi,0
17,Drishyam,2015,8.2,na,UA,"72,702",163 min,"Crime, Drama, Mystery            ",Nishikant Kamat,Ajay Devgn,Shriya Saran,Tabu,Rajat Kapoor,$0.74M
18,Queen,2013,8.2,na,UA,"61,243",146 min,"Adventure, Comedy, Drama            ",Vikas Bahl,Kangana Ranaut,Rajkummar Rao,Lisa Haydon,Jeffrey Ho,$1.43M
19,Bhaag Milkha Bhaag,2013,8.2,na,U,"61,742",186 min,"Biography, Drama, Sport            ",Rakeysh Omprakash Mehra,Farhan Akhtar,Sonam Kapoor,Pawan Malhotra,Art Malik,$1.63M
20,Shahid,2012,8.2,na,A,"15,407",129 min,"Biography, Drama            ",Hansal Mehta,Rajkummar Rao,Prabhleen Sandhu,Mohd. Zeeshan Ayyub,Baljinder Kaur,0
21,Gangs of Wasseypur,2012,8.2,89,A,"84,025",321 min,"Action, Comedy, Crime            ",Anurag Kashyap,Manoj Bajpayee,Richa Chadha,Nawazuddin Siddiqui,Tigmanshu Dhulia,0
22,Udaan,2010,8.2,na,UA,"42,731",134 min,Drama            ,Vikramaditya Motwane,Rajat Barmecha,Ronit Roy,Manjot Singh,Ram Kapoor,$0.01M
23,Paan Singh Tomar,2012,8.2,na,UA,"33,600",135 min,"Action, Biography, Crime            ",Tigmanshu Dhulia,Irrfan Khan,Mahie Gill,Rajesh Abhay,Hemendra Dandotiya,$0.04M
24,Zindagi Na Milegi Dobara,2011,8.2,na,U,"68,973",155 min,"Comedy, Drama            ",Zoya Akhtar,Hrithik Roshan,Farhan Akhtar,Abhay Deol,Katrina Kaif,$3.11M
25,Article 15,2019,8.2,na,UA,"24,454",130 min,"Crime, Drama, Mystery            ",Anubhav Sinha,Ayushmann Khurrana,Nassar,Manoj Pahwa,Kumud Mishra,0
26,Chak De! India,2007,8.2,68,U,"74,892",153 min,"Drama, Family, Sport            ",Shimit Amin,Shah Rukh Khan,Vidya Malvade,Sagarika Ghatge,Shilpa Shukla,$1.11M
27,Rang De Basanti,2006,8.2,na,UA,"113,399",167 min,"Comedy, Crime, Drama            ",Rakeysh Omprakash Mehra,Aamir Khan,Soha Ali Khan,Siddharth,Sharman Joshi,$2.20M
28,Black,2005,8.2,na,U,"33,578",122 min,Drama            ,Sanjay Leela Bhansali,Amitabh Bachchan,Rani Mukerji,Shernaz Patel,Ayesha Kapoor,$0.73M
29,"Swades: We, the People",2004,8.2,na,U,"83,890",210 min,Drama            ,Ashutosh Gowariker,Shah Rukh Khan,Gayatri Joshi,Kishori Ballal,Smit Sheth,$1.22M
30,Hera Pheri,2000,8.2,na,U,"58,011",156 min,"Action, Comedy, Crime            ",Priyadarshan,Akshay Kumar,Sunil Shetty,Paresh Rawal,Tabu,0
31,Satya,1998,8.2,na,A,"13,625",170 min,"Action, Crime, Drama            ",Ram Gopal Varma,J.D. Chakravarthi,Manoj Bajpayee,Urmila Matondkar,Paresh Rawal,0
32,Andaz Apna Apna,1994,8.2,na,U,"49,719",160 min,"Action, Comedy, Romance            ",Rajkumar Santoshi,Aamir Khan,Salman Khan,Raveena Tandon,Karisma Kapoor,0
33,Jo Jeeta Wohi Sikandar,1992,8.2,na,U,"21,870",174 min,"Comedy, Drama, Romance            ",Mansoor Khan,Aamir Khan,Ayesha Jhulka,Deepak Tijori,Pooja Bedi,0
34,Sholay,1975,8.2,na,U,"51,814",204 min,"Action, Adventure, Comedy            ",Ramesh Sippy,Sanjeev Kumar,Dharmendra,Amitabh Bachchan,Amjad Khan,0
35,Section 375,2019,8.1,na,UA,"12,392",124 min,"Crime, Drama, Mystery            ",Ajay Bahl,Akshaye Khanna,Richa Chadha,Rahul Bhatt,Meera Chopra,0
36,Pink,III),8.1,na,UA,"39,999",136 min,"Drama, Thriller            ",Aniruddha Roy Chowdhury,Taapsee Pannu,Amitabh Bachchan,Kirti Kulhari,Andrea Tariang,$1.24M
37,Haider,2014,8.1,na,UA,"50,874",160 min,"Action, Crime, Drama            ",Vishal Bhardwaj,Shahid Kapoor,Tabu,Shraddha Kapoor,Kay Kay Menon,$0.90M
38,PK,2014,8.1,na,UA,"165,557",153 min,"Comedy, Drama, Musical            ",Rajkumar Hirani,Aamir Khan,Anushka Sharma,Sanjay Dutt,Boman Irani,$10.62M
39,OMG: Oh My God!,2012,8.1,na,U,"52,419",125 min,"Comedy, Drama, Fantasy            ",Umesh Shukla,Paresh Rawal,Akshay Kumar,Mithun Chakraborty,Mahesh Manjrekar,$0.92M
40,Vishwaroopam,2013,8.1,na,UA,"38,921",148 min,"Action, Thriller            ",Kamal Haasan,Pooja Kumar,Miles Anderson,Kamal Haasan,Rahul Bose,0
41,Barfi!,2012,8.1,na,U,"76,522",151 min,"Comedy, Drama, Romance            ",Anurag Basu,Ranbir Kapoor,Priyanka Chopra,Ileana D'Cruz,Saurabh Shukla,$2.80M
42,Kahaani,2012,8.1,na,UA,"58,367",122 min,"Mystery, Thriller            ",Sujoy Ghosh,Vidya Balan,Parambrata Chattopadhyay,Indraneil Sengupta,Nawazuddin Siddiqui,$1.04M
43,A Wednesday,2008,8.1,na,UA,"74,407",104 min,"Action, Crime, Drama            ",Neeraj Pandey,Anupam Kher,Naseeruddin Shah,Jimmy Sheirgill,Aamir Bashir,0
44,Gulaal,2009,8.1,na,A,"14,068",140 min,"Crime, Drama, Thriller            ",Anurag Kashyap,Kay Kay Menon,Raj Singh Chaudhary,Jesse Randhawa,Deepak Dobriyal,0
45,Omkara,2006,8.1,na,A,"19,375",155 min,"Action, Crime, Drama            ",Vishal Bhardwaj,Ajay Devgn,Kareena Kapoor,Saif Ali Khan,Konkona Sen Sharma,$0.79M
46,Lage Raho Munna Bhai,2006,8.1,na,U,"43,559",144 min,"Comedy, Drama, Romance            ",Rajkumar Hirani,Sanjay Dutt,Arshad Warsi,Vidya Balan,Boman Irani,$2.22M
47,Iqbal,2005,8.1,na,UA,"16,007",132 min,"Drama, Sport            ",Nagesh Kukunoor,Shreyas Talpade,Naseeruddin Shah,Shweta Basu Prasad,Yatin Karyekar,0
48,Munna Bhai M.B.B.S.,2003,8.1,na,U,"74,779",156 min,"Comedy, Drama            ",Rajkumar Hirani,Sanjay Dutt,Arshad Warsi,Gracy Singh,Sunil Dutt,0
49,The Legend of Bhagat Singh,2002,8.1,na,U,"15,000",155 min,"Action, Biography, Drama            ",Rajkumar Santoshi,Ajay Devgn,Sushant Singh,D. Santosh,Akhilendra Mishra,0
50,Dil Chahta Hai,2001,8.1,na,Unrated,"67,423",183 min,"Comedy, Drama, Romance            ",Farhan Akhtar,Aamir Khan,Saif Ali Khan,Akshaye Khanna,Preity Zinta,$0.30M
51,Sarfarosh,1999,8.1,na,A,"24,157",174 min,"Action, Drama            ",John Mathew Matthan,Aamir Khan,Naseeruddin Shah,Sonali Bendre,Mukesh Rishi,0
52,Lagaan: Once Upon a Time in India,2001,8.1,84,U,"106,098",224 min,"Drama, Musical, Sport            ",Ashutosh Gowariker,Aamir Khan,Raghuvir Yadav,Gracy Singh,Rachel Shelley,$0.07M
53,Dilwale Dulhania Le Jayenge,1995,8.1,na,U,"64,181",189 min,"Drama, Romance            ",Aditya Chopra,Shah Rukh Khan,Kajol,Amrish Puri,Farida Jalal,0
54,Chung Hing sam lam,1994,8.1,77,U,"65,970",102 min,"Comedy, Crime, Drama            ",Kar-Wai Wong,Brigitte Lin,Takeshi Kaneshiro,Tony Chiu-Wai Leung,Faye Wong,$0.60M
55,Deewaar,1975,8.1,na,U,"10,223",174 min,"Action, Crime, Drama            ",Yash Chopra,Amitabh Bachchan,Shashi Kapoor,Nirupa Roy,Parveen Babi,0
56,Badhaai ho,2018,8.0,na,UA,"28,643",124 min,"Comedy, Drama            ",Amit Ravindernath Sharma,Ayushmann Khurrana,Neena Gupta,Gajraj Rao,Sanya Malhotra,0
57,Airlift,2016,8.0,na,UA,"53,244",130 min,"Drama, History            ",Raja Menon,Akshay Kumar,Nimrat Kaur,Kumud Mishra,Prakash Belawadi,0
58,Bajrangi Bhaijaan,2015,8.0,na,UA,"73,379",163 min,"Action, Adventure, Comedy            ",Kabir Khan,Salman Khan,Harshaali Malhotra,Nawazuddin Siddiqui,Kareena Kapoor,$8.18M
59,Baby,I) (,8.0,na,UA,"53,242",159 min,"Action, Thriller            ",Neeraj Pandey,Akshay Kumar,Danny Denzongpa,Rana Daggubati,Taapsee Pannu,0
60,Lion,2016,8.0,69,U,"217,985",118 min,"Biography, Drama            ",Garth Davis,Dev Patel,Nicole Kidman,Rooney Mara,Sunny Pawar,$51.74M
61,Ankhon Dekhi,2013,8.0,na,U,"10,384",107 min,"Comedy, Drama            ",Rajat Kapoor,Sanjay Mishra,Seema Bhargava,Rajat Kapoor,Taranjit Kaur,0
62,Manjhi: The Mountain Man,2015,8.0,na,U,"17,941",120 min,"Adventure, Biography, Drama            ",Ketan Mehta,Nawazuddin Siddiqui,Radhika Apte,Ashutosh Acharya,Shahzad Ahmed,0
63,Ugly,2013,8.0,na,A,"20,408",128 min,"Crime, Drama, Mystery            ",Anurag Kashyap,Rahul Bhatt,Ronit Roy,Tejaswini Kolhapure,Vineet Kumar Singh,0
64,Gully Boy,2019,8.0,65,UA,"32,778",154 min,"Drama, Music, Romance            ",Zoya Akhtar,Vijay Varma,Nakul Roshan Sahdev,Ranveer Singh,Vijay Raaz,$5.57M
65,Special Chabbis,2013,8.0,na,UA,"51,560",144 min,"Crime, Drama, Thriller            ",Neeraj Pandey,Akshay Kumar,Anupam Kher,Manoj Bajpayee,Jimmy Sheirgill,$1.08M
66,Dev.D,2009,8.0,na,A,"28,993",144 min,"Drama, Romance            ",Anurag Kashyap,Abhay Deol,Mahie Gill,Kalki Koechlin,Dibyendu Bhattacharya,$0.01M
67,My Name Is Khan,2010,8.0,50,UA,"99,510",165 min,Drama            ,Karan Johar,Shah Rukh Khan,Kajol,Sheetal Menon,Katie A. Keane,$4.02M
68,Slumdog Millionaire,2008,8.0,84,UA,"805,765",120 min,"Drama, Romance            ",Danny Boyle,Loveleen Tandan,Dev Patel,Freida Pinto,Saurabh Shukla,$141.32M
69,The Avengers,2012,8.0,69,UA,"1,276,843",143 min,"Action, Adventure, Sci-Fi            ",Joss Whedon,Robert Downey Jr.,Chris Evans,Scarlett Johansson,Jeremy Renner,$623.28M
70,Company,2002,8.0,na,A,"14,638",142 min,"Action, Crime, Drama            ",Ram Gopal Varma,Ajay Devgn,Mohanlal,Manisha Koirala,Seema Biswas,0
71,Vaastav: The Reality,1999,8.0,na,A,"12,809",145 min,"Action, Crime, Drama            ",Mahesh Manjrekar,Sanjay Dutt,Namrata Shirodkar,Reema Lagoo,Shivaji Satam,0
72,Gandhi,1982,8.0,79,U,"219,274",191 min,"Biography, Drama, History            ",Richard Attenborough,Ben Kingsley,John Gielgud,Rohini Hattangadi,Roshan Seth,$52.77M
73,Knives Out,2019,7.9,82,UA,"482,512",130 min,"Comedy, Crime, Drama            ",Rian Johnson,Daniel Craig,Chris Evans,Ana de Armas,Jamie Lee Curtis,$165.36M
74,Super 30,2019,7.9,na,U,"21,750",154 min,"Biography, Drama            ",Vikas Bahl,Hrithik Roshan,Mrunal Thakur,Nandish Singh,Virendra Saxena,$2.27M
75,Padman,2018,7.9,na,UA,"21,892",140 min,"Comedy, Drama            ",R. Balki,Akshay Kumar,Radhika Apte,Sonam Kapoor,Jyoti Subhash,$1.66M
76,Jab We Met,2007,7.9,na,U,"48,270",138 min,"Comedy, Drama, Romance            ",Imtiaz Ali,Shahid Kapoor,Kareena Kapoor,Tarun Arora,Dara Singh,$0.41M
77,Life of Pi,2012,7.9,79,U,"587,152",127 min,"Adventure, Drama, Fantasy            ",Ang Lee,Suraj Sharma,Irrfan Khan,Adil Hussain,Tabu,$124.99M
78,Iron Man,2008,7.9,79,UA,"954,441",126 min,"Action, Adventure, Sci-Fi            ",Jon Favreau,Robert Downey Jr.,Gwyneth Paltrow,Terrence Howard,Jeff Bridges,$318.41M
79,Kal Ho Naa Ho,2003,7.9,54,U,"64,093",186 min,"Comedy, Drama, Musical            ",Nikkhil Advani,Preity Zinta,Shah Rukh Khan,Saif Ali Khan,Jaya Bachchan,$1.79M
80,Lakshya,2004,7.9,na,UA,"21,034",186 min,"Action, Drama, Romance            ",Farhan Akhtar,Hrithik Roshan,Preity Zinta,Amitabh Bachchan,Om Puri,$0.75M
81,Hey Ram,2000,7.9,na,A,"11,664",186 min,"Crime, Drama, History            ",Kamal Haasan,Kamal Haasan,Shah Rukh Khan,Rani Mukerji,Hema Malini,$0.27M
82,Border,I) (,7.9,na,NA ,"14,079",176 min,"Action, Drama, History            ",J.P. Dutta,Sunny Deol,Sunil Shetty,Akshaye Khanna,Jackie Shroff,0
83,Auntie Mame,1958,7.9,na,NA ,"10,480",143 min,"Comedy, Drama, Romance            ",Morton DaCosta,Rosalind Russell,Forrest Tucker,Coral Browne,Fred Clark,$23.30M
84,Badla,2019,7.8,na,UA,"23,091",118 min,"Crime, Drama, Mystery            ",Sujoy Ghosh,Amitabh Bachchan,Taapsee Pannu,Amrita Singh,Antonio Aakeel,0
85,Raazi,2018,7.8,na,UA,"25,888",138 min,"Action, Drama, Thriller            ",Meghna Gulzar,Alia Bhatt,Vicky Kaushal,Rajit Kapoor,Shishir Sharma,0
86,Secret Superstar,2017,7.8,na,UA,"21,323",150 min,"Drama, Music            ",Advait Chandan,Zaira Wasim,Meher Vij,Raj Arjun,Aamir Khan,0
87,Hindi Medium,2017,7.8,na,U,"23,900",132 min,"Comedy, Drama            ",Saket Chaudhary,Irrfan Khan,Saba Qamar,Dishita Sehgal,Deepak Dobriyal,0
88,Udta Punjab,2016,7.8,na,A,"27,526",148 min,"Action, Crime, Drama            ",Abhishek Chaubey,Shahid Kapoor,Alia Bhatt,Kareena Kapoor,Diljit Dosanjh,0
89,M.S. Dhoni: The Untold Story,2016,7.8,na,U,"41,356",184 min,"Biography, Drama, Sport            ",Neeraj Pandey,Sushant Singh Rajput,Kiara Advani,Anupam Kher,Disha Patani,$1.78M
90,Captain America: Civil War,2016,7.8,75,UA,"680,032",147 min,"Action, Adventure, Sci-Fi            ",Anthony Russo,Joe Russo,Chris Evans,Robert Downey Jr.,Scarlett Johansson,$408.08M
91,The Lunchbox,2013,7.8,76,U,"51,334",104 min,"Drama, Romance            ",Ritesh Batra,Irrfan Khan,Nimrat Kaur,Nawazuddin Siddiqui,Lillete Dubey,$4.23M
92,Vicky Donor,2012,7.8,na,UA,"40,073",126 min,"Comedy, Romance            ",Shoojit Sircar,Ayushmann Khurrana,Yami Gautam,Annu Kapoor,Dolly Ahluwalia,$0.17M
93,English Vinglish,2012,7.8,na,U,"33,980",134 min,"Comedy, Drama, Family            ",Gauri Shinde,Sridevi,Adil Hussain,Mehdi Nebbou,Priya Anand,$1.67M
94,Johnny Gaddaar,2007,7.8,na,A,"11,655",135 min,"Crime, Drama, Mystery            ",Sriram Raghavan,Dharmendra,Rimi Sen,Ashwini Kalsekar,Neil Nitin Mukesh,0
95,Veer-Zaara,2004,7.8,67,U,"49,581",192 min,"Drama, Family, Musical            ",Yash Chopra,Shah Rukh Khan,Preity Zinta,Rani Mukerji,Kirron Kher,$2.92M
96,Gangaajal,2003,7.8,na,UA,"15,907",157 min,"Action, Crime, Drama            ",Prakash Jha,Ajay Devgn,Gracy Singh,Mohan Joshi,Yashpal Sharma,0
97,Nayak: The Real Hero,2001,7.8,na,U,"14,584",187 min,"Action, Drama, Thriller            ",S. Shankar,Anil Kapoor,Rani Mukerji,Amrish Puri,Johnny Lever,0
98,Kabhi Haan Kabhi Naa,1994,7.8,na,13,"17,358",158 min,"Comedy, Drama, Music            ",Kundan Shah,Shah Rukh Khan,Suchitra Krishnamoorthi,Deepak Tijori,Rita Bhaduri,0
99,Darr,1993,7.8,na,UA,"22,352",178 min,"Action, Drama, Romance            ",Yash Chopra,Juhi Chawla,Sunny Deol,Shah Rukh Khan,Anupam Kher,0
100,Mr. India,1987,7.8,na,U,"14,262",179 min,"Action, Comedy, Drama            ",Shekhar Kapur,Anil Kapoor,Sridevi,Amrish Puri,Satish Kaushik,0
101,Don,1978,7.8,na,U,"11,421",175 min,"Action, Crime, Thriller            ",Chandra Barot,Amitabh Bachchan,Zeenat Aman,Pran,Iftekhar,0
102,Newton,2017,7.7,na,UA,"17,150",106 min,"Comedy, Drama            ",Amit Masurkar,Rajkummar Rao,Pankaj Tripathi,Anjali Patil,Raghuvir Yadav,0
103,Sanju,2018,7.7,na,UA,"48,194",155 min,"Biography, Comedy, Drama            ",Rajkumar Hirani,Ranbir Kapoor,Paresh Rawal,Manisha Koirala,Vicky Kaushal,$7.91M
104,Neerja,2016,7.7,na,U,"21,185",122 min,"Biography, Drama, Thriller            ",Ram Madhvani,Sonam Kapoor,Shabana Azmi,Yogendra Tiku,Abrar Zahoor,$1.54M
105,Kapoor & Sons,2016,7.7,na,UA,"23,667",132 min,"Comedy, Drama, Family            ",Shakun Batra,Rishi Kapoor,Rajat Kapoor,Ratna Pathak Shah,Fawad Khan,$2.61M
106,Madras Cafe,2013,7.7,na,UA,"23,069",130 min,"Action, Drama, Thriller            ",Shoojit Sircar,Nargis Fakhri,John Abraham,Raashi Khanna,Gaurav Sharma,0
107,Kai po che!,2013,7.7,40,U,"33,120",130 min,"Drama, Sport            ",Abhishek Kapoor,Amit Sadh,Sushant Singh Rajput,Rajkummar Rao,Amrita Puri,$1.12M
108,Pyaar Ka Punchnama,2011,7.7,na,UA,"20,115",149 min,"Comedy, Drama, Romance            ",Luv Ranjan,Kartik Aaryan,Raayo S. Bakhirta,Divyendu Sharma,Nushrat Bharucha,0
109,Rockstar,2011,7.7,na,UA,"40,053",159 min,"Drama, Music, Romance            ",Imtiaz Ali,Ranbir Kapoor,Nargis Fakhri,Shammi Kapoor,Kumud Mishra,$0.99M
110,Oye Lucky! Lucky Oye!,2008,7.7,na,UA,"16,479",125 min,"Action, Comedy, Crime            ",Dibakar Banerjee,Abhay Deol,Paresh Rawal,Neetu Chandra,Archana Puran Singh,$0.08M
111,Aamir,2008,7.7,na,A,"10,743",99 min,"Action, Crime, Drama            ",Raj Kumar Gupta,Rajeev Khandelwal,Aishwarya,Vasan Bala,Chinkal,0
112,Rock On!!,2008,7.7,na,U,"21,004",145 min,"Drama, Music            ",Abhishek Kapoor,Arjun Rampal,Farhan Akhtar,Luke Kenny,Purab Kohli,0
113,Guru,2007,7.7,70,U,"22,210",162 min,Drama            ,Mani Ratnam,Mithun Chakraborty,Abhishek Bachchan,Aishwarya Rai Bachchan,Madhavan,$2.09M
114,Efter brylluppet,2006,7.7,78,R,"32,613",120 min,Drama            ,Susanne Bier,Mads Mikkelsen,Sidse Babett Knudsen,Rolf Lassgård,Neeral Mulchandani,$0.41M
115,Water,I) (,7.7,77,(Banned),"14,401",117 min,Drama            ,Deepa Mehta,Lisa Ray,John Abraham,Seema Biswas,Sarala Kariyawasam,$3.22M
116,Baazigar,1993,7.7,na,UA,"26,186",175 min,"Crime, Drama, Musical            ",Abbas Alibhai Burmawalla,Mastan Alibhai Burmawalla,Shah Rukh Khan,Kajol,Dalip Tahil,0
117,The Day the Earth Stood Still,1951,7.7,na,U,"76,720",92 min,"Drama, Sci-Fi            ",Robert Wise,Michael Rennie,Patricia Neal,Hugh Marlowe,Sam Jaffe,0
118,Tanhaji: The Unsung Warrior,2020,7.6,na,UA,"21,663",135 min,"Action, Biography, Drama            ",Om Raut,Ajay Devgn,Saif Ali Khan,Sharad Kelkar,Kajol,0
119,Stree,2018,7.6,na,UA,"28,947",128 min,"Comedy, Horror            ",Amar Kaushik,Rajkummar Rao,Shraddha Kapoor,Pankaj Tripathi,Aparshakti Khurana,0
120,Shaadi Mein Zaroor Aana,2017,7.6,na,UA,"13,032",137 min,"Drama, Romance            ",Ratnaa Sinha,Rajkummar Rao,Kriti Kharbanda,K.K. Raina,Alka Amin,0
121,Ludo,2020,7.6,na,16,"30,113",149 min,"Action, Comedy, Crime            ",Anurag Basu,Pankaj Tripathi,Abhishek Bachchan,Rajkummar Rao,Fatima Sana Shaikh,0
122,Parmanu: The Story of Pokhran,2018,7.6,na,U,"21,326",129 min,"Action, Drama, History            ",Abhishek Sharma,John Abraham,Boman Irani,Diana Penty,Anuja Sathe,0
123,The Ghazi Attack,2017,7.6,na,UA,"12,135",116 min,"Action, Thriller, War            ",Sankalp Reddy,Rana Daggubati,Kay Kay Menon,Atul Kulkarni,Om Puri,0
124,Trapped,XVII,7.6,na,UA,"10,798",105 min,"Drama, Thriller            ",Vikramaditya Motwane,Rajkummar Rao,Geetanjali Thapa,Shiladitya Sen,Rahul Patel,0
125,Dear Zindagi,2016,7.6,na,UA,"36,502",151 min,"Drama, Romance            ",Gauri Shinde,Alia Bhatt,Shah Rukh Khan,Kunal Kapoor,Priyanka Moodley,$1.40M
126,Madaari,2016,7.6,na,UA,"13,451",133 min,"Adventure, Drama, Thriller            ",Nishikant Kamat,Irrfan Khan,Jimmy Sheirgill,Vishesh Bansal,Tushar Dalvi,0
127,Hotel Mumbai,2018,7.6,62,A,"55,157",123 min,"Action, Drama, History            ",Anthony Maras,Dev Patel,Armie Hammer,Nazanin Boniadi,Anupam Kher,$9.65M
128,Saala Khadoos,2016,7.6,na,UA,"11,475",109 min,"Action, Drama, Sport            ",Sudha Kongara,Madhavan,Nassar,Radha Ravi,Kaali Venkat,$0.08M
129,Piku,2015,7.6,na,UA,"29,333",123 min,"Comedy, Drama            ",Shoojit Sircar,Deepika Padukone,Amitabh Bachchan,Irrfan Khan,Moushumi Chatterjee,0
130,Detective Byomkesh Bakshy!,2015,7.6,na,UA,"20,322",139 min,"Action, Crime, Drama            ",Dibakar Banerjee,Sushant Singh Rajput,Anand Tiwari,Neeraj Kabi,Divya Menon,$0.58M
131,Highway,I) (,7.6,40,UA,"26,792",133 min,"Crime, Drama, Romance            ",Imtiaz Ali,Alia Bhatt,Randeep Hooda,Durgesh Kumar,Pradeep Nagar,$0.53M
132,Raanjhanaa,2013,7.6,na,UA,"29,847",140 min,"Drama, Romance            ",Aanand L. Rai,Dhanush,Sonam Kapoor,Mohd. Zeeshan Ayyub,Swara Bhaskar,$0.88M
133,Tanu Weds Manu Returns,2015,7.6,na,UA,"26,500",128 min,"Comedy, Drama, Romance            ",Aanand L. Rai,Kangana Ranaut,Madhavan,Jimmy Sheirgill,Deepak Dobriyal,0
134,Delhi Belly,2011,7.6,66,A,"27,916",103 min,"Action, Comedy, Crime            ",Abhinay Deo,Akshat Verma,Imran Khan,Vir Das,Kunaal Roy Kapur,$1.53M
135,Wake Up Sid,2009,7.6,na,U,"28,694",138 min,"Comedy, Drama, Romance            ",Ayan Mukherjee,Ranbir Kapoor,Konkona Sen Sharma,Supriya Pathak,Anupam Kher,$0.72M
136,Lootcase,2020,7.6,na,12+,"14,293",132 min,"Comedy, Crime            ",Rajesh Krishnan,Kunal Khemu,Rasika Dugal,Vijay Raaz,Ranvir Shorey,0
137,Bheja Fry,2007,7.6,na,UA,"11,304",95 min,"Comedy, Drama            ",Sagar Ballary,Vinay Pathak,Rajat Kapoor,Sarika,Milind Soman,0
138,Jodhaa Akbar,2008,7.6,69,UA,"30,287",213 min,"Action, Drama, History            ",Ashutosh Gowariker,Hrithik Roshan,Aishwarya Rai Bachchan,Sonu Sood,Poonam Sinha,$3.44M
139,Sarkar,2005,7.6,na,UA,"15,845",124 min,"Action, Crime, Drama            ",Ram Gopal Varma,Amitabh Bachchan,Abhishek Bachchan,Kay Kay Menon,Supriya Pathak,0
140,Devdas,I) (,7.6,na,U,"38,898",185 min,"Drama, Musical, Romance            ",Sanjay Leela Bhansali,Shah Rukh Khan,Aishwarya Rai Bachchan,Madhuri Dixit,Jackie Shroff,$3.50M
141,Kuch Kuch Hota Hai,1998,7.6,na,U,"48,580",177 min,"Comedy, Drama, Musical            ",Karan Johar,Shah Rukh Khan,Kajol,Rani Mukerji,Sana Saeed,$2.10M
142,Dil Se..,1998,7.6,na,A,"27,017",144 min,"Drama, Romance            ",Mani Ratnam,Shah Rukh Khan,Manisha Koirala,Preity Zinta,Raghuvir Yadav,0
143,Indiana Jones and the Temple of Doom,1984,7.6,57,(Banned),"454,181",118 min,"Action, Adventure            ",Steven Spielberg,Harrison Ford,Kate Capshaw,Ke Huy Quan,Amrish Puri,$179.87M
144,Close Encounters of the Third Kind,1977,7.6,90,U,"187,178",138 min,"Drama, Sci-Fi            ",Steven Spielberg,Richard Dreyfuss,François Truffaut,Teri Garr,Melinda Dillon,$132.09M
145,Karwaan,2018,7.5,na,UA,"13,540",114 min,"Adventure, Comedy, Drama            ",Akarsh Khurana,Irrfan Khan,Dulquer Salmaan,Mithila Palkar,Amala Akkineni,$0.18M
146,October,II) ,7.5,na,U,"13,736",115 min,"Drama, Romance            ",Shoojit Sircar,Varun Dhawan,Banita Sandhu,Gitanjali Rao,Sahil Vedoliyaa,0
147,Bareilly Ki Barfi,2017,7.5,na,UA,"19,789",116 min,"Comedy, Romance            ",Ashwiny Iyer Tiwari,Ayushmann Khurrana,Kriti Sanon,Rajkummar Rao,Pankaj Tripathi,0
148,Hichki,2018,7.5,na,U,"10,899",116 min,"Comedy, Drama            ",Siddharth Malhotra,Rani Mukerji,Rohit Saraf,Neeraj Kabi,Sachin Pilgaonkar,$0.33M
149,Dum Laga Ke Haisha,2015,7.5,na,UA,"18,304",110 min,"Comedy, Drama, Romance            ",Sharat Katariya,Ayushmann Khurrana,Bhumi Pednekar,Sanjay Mishra,Sheeba Chaddha,0
150,Jolly LLB,2013,7.5,na,UA,"18,057",135 min,"Comedy, Drama            ",Subhash Kapoor,Arshad Warsi,Amrita Rao,Boman Irani,Saurabh Shukla,0
151,Rocket Singh: Salesman of the Year,2009,7.5,na,UA,"19,097",150 min,"Comedy, Drama            ",Shimit Amin,Ranbir Kapoor,Prem Chopra,Mukesh S. Bhatt,D. Santosh,0
152,"Se, jie",2007,7.5,61,A,"37,864",157 min,"Drama, History, Romance            ",Ang Lee,Tony Chiu-Wai Leung,Tang Wei,Joan Chen,Leehom Wang,$4.60M
153,Sivaji,2007,7.5,na,U,"18,118",188 min,"Action, Drama, Thriller            ",S. Shankar,Rajinikanth,Shriya Saran,Suman,Vivek,0
154,Jaane Tu... Ya Jaane Na,2008,7.5,na,U,"25,596",155 min,"Comedy, Drama, Romance            ",Abbas Tyrewala,Imran Khan,Genelia D'Souza,Manjari Fadnnis,Ayaz Khan,$0.60M
155,Hungama,2003,7.5,na,U,"13,435",153 min,"Comedy, Drama, Romance            ",Priyadarshan,Akshaye Khanna,Aftab Shivdasani,Rimi Sen,Paresh Rawal,0
156,Hum Dil De Chuke Sanam,1999,7.5,na,UA,"17,050",177 min,"Comedy, Drama, Musical            ",Sanjay Leela Bhansali,Aishwarya Rai Bachchan,Salman Khan,Ajay Devgn,Zohra Sehgal,0
157,Hum Aapke Hain Koun...!,1994,7.5,na,U,"18,972",206 min,"Comedy, Drama, Musical            ",Sooraj R. Barjatya,Madhuri Dixit,Salman Khan,Mohnish Bahl,Renuka Shahane,0
158,Qayamat Se Qayamat Tak,1988,7.5,na,U,"10,424",162 min,"Drama, Musical, Romance            ",Mansoor Khan,Aamir Khan,Juhi Chawla,Goga Kapoor,Dalip Tahil,0
159,Raid,2018,7.4,na,UA,"15,542",122 min,"Action, Crime, Drama            ",Raj Kumar Gupta,Ajay Devgn,Ileana D'Cruz,Amit Bimrot,Saurabh Shukla,$1.01M
160,Tenet,2020,7.4,69,UA,"333,884",150 min,"Action, Sci-Fi, Thriller            ",Christopher Nolan,John David Washington,Robert Pattinson,Elizabeth Debicki,Juhan Ulfsak,$58.46M
161,Kesari,2019,7.4,na,UA,"15,014",150 min,"Action, Drama, History            ",Anurag Singh,Akshay Kumar,Parineeti Chopra,Suvinder Vicky,Vansh Bhardwaj,0
162,Raman Raghav 2.0,2016,7.4,na,A,"13,175",133 min,"Crime, Drama, Thriller            ",Anurag Kashyap,Nawazuddin Siddiqui,Vicky Kaushal,Sobhita Dhulipala,Mukesh Chhabra,0
163,Sanam Teri Kasam,2016,7.4,na,U,"10,216",154 min,"Drama, Musical, Romance            ",Radhika Rao,Vinay Sapru,Harshvardhan Rane,Mawra Hocane,Vijay Raaz,$0.02M
164,Badlapur,2015,7.4,na,A,"22,025",134 min,"Action, Crime, Drama            ",Sriram Raghavan,Varun Dhawan,Nawazuddin Siddiqui,Yami Gautam,Huma Qureshi,$0.37M
165,The Jungle Book,2016,7.4,77,UA,"261,256",106 min,"Adventure, Drama, Family            ",Jon Favreau,Neel Sethi,Bill Murray,Ben Kingsley,Idris Elba,$364.00M
166,I Origins,2014,7.4,57,R,"117,362",106 min,"Drama, Mystery, Romance            ",Mike Cahill,Michael Pitt,Steven Yeun,Astrid Bergès-Frisbey,Brit Marling,$0.33M
167,Peepli [Live],2010,7.4,69,A,"11,881",95 min,"Comedy, Drama            ",Anusha Rizvi,Mahmood Farooqui,Omkar Das Manikpuri,Raghuvir Yadav,Shalini Vatsa,$0.75M
168,Guzaarish,2010,7.4,na,UA,"17,428",126 min,"Drama, Romance            ",Sanjay Leela Bhansali,Hrithik Roshan,Aishwarya Rai Bachchan,Shernaz Patel,Aditya Roy Kapoor,$1.02M
169,Once Upon a Time in Mumbaai,2010,7.4,na,UA,"16,492",134 min,"Action, Crime, Drama            ",Milan Luthria,Ajay Devgn,Emraan Hashmi,Kangana Ranaut,Prachi Desai,0
170,Kaminey,2009,7.4,na,A,"16,539",130 min,"Action, Crime, Drama            ",Vishal Bhardwaj,Shahid Kapoor,Priyanka Chopra,Deb Mukherjee,Shivkumar Subramaniam,$1.29M
171,Life in a Metro,2007,7.4,na,A,"11,203",132 min,"Comedy, Drama, Romance            ",Anurag Basu,Dharmendra,Irrfan Khan,Konkona Sen Sharma,Kay Kay Menon,$0.15M
172,Golmaal: Fun Unlimited,2006,7.4,na,UA,"15,264",150 min,"Action, Comedy, Drama            ",Rohit Shetty,Ajay Devgn,Arshad Warsi,Sharman Joshi,Tusshar Kapoor,0
173,Khakee,2004,7.4,na,UA,"15,065",174 min,"Action, Crime, Drama            ",Rajkumar Santoshi,Amitabh Bachchan,Akshay Kumar,Ajay Devgn,Aishwarya Rai Bachchan,0
174,Baghban,2003,7.4,na,NA ,"15,262",181 min,"Drama, Romance            ",Ravi Chopra,Amitabh Bachchan,Hema Malini,Salman Khan,Mahima Chaudhry,$1.10M
175,Aankhen,2002,7.4,na,U,"12,442",165 min,"Crime, Drama, Thriller            ",Vipul Amrutlal Shah,Amitabh Bachchan,Akshay Kumar,Sushmita Sen,Arjun Rampal,0
176,Kabhi Khushi Kabhie Gham...,2001,7.4,na,U,"45,523",210 min,"Drama, Musical, Romance            ",Karan Johar,Shah Rukh Khan,Kajol,Amitabh Bachchan,Hrithik Roshan,$2.90M
177,Chachi 420,1997,7.4,na,U,"12,522",155 min,"Comedy, Drama, Family            ",Kamal Haasan,Kamal Haasan,Amrish Puri,Om Puri,Tabu,0
178,Bala,2019,7.3,na,UA,"11,936",133 min,Comedy            ,Amar Kaushik,Ayushmann Khurrana,Bhumi Pednekar,Yami Gautam,Saurabh Shukla,0
179,Angrezi Medium,2020,7.3,na,UA,"11,122",145 min,"Comedy, Drama            ",Homi Adajania,Irrfan Khan,Radhika Madan,Kareena Kapoor,Deepak Dobriyal,0
180,Gold,I) (,7.3,na,UA,"11,609",151 min,"Drama, History, Sport            ",Reema Kagti,Akshay Kumar,Mouni Roy,Kunal Kapoor,Amit Sadh,0
181,Te3n,2016,7.3,na,UA,"11,875",136 min,"Drama, Mystery, Thriller            ",Ribhu Dasgupta,Amitabh Bachchan,Nawazuddin Siddiqui,Vidya Balan,Mukesh Chhabra,$0.26M
182,Pyaar Ka Punchnama 2,2015,7.3,na,A,"14,103",137 min,"Comedy, Drama, Romance            ",Luv Ranjan,Kartik Aaryan,Omkar Kapoor,Sunny Singh Nijjar,Nushrat Bharucha,$0.22M
183,Bajirao Mastani,2015,7.3,na,U,"31,712",158 min,"Action, Drama, History            ",Sanjay Leela Bhansali,Ranveer Singh,Deepika Padukone,Priyanka Chopra,Tanvi Azmi,$6.56M
184,Mardaani,2014,7.3,na,A,"11,767",113 min,"Action, Crime, Drama            ",Pradeep Sarkar,Rani Mukerji,Tahir Raj Bhasin,Priyanka Sharma,Habib Al Aidroos,0
185,Tamasha,2015,7.3,na,UA,"24,045",139 min,"Comedy, Drama, Romance            ",Imtiaz Ali,Deepika Padukone,Ranbir Kapoor,Piyush Mishra,Sushma Seth,$1.98M
186,The Hundred-Foot Journey,2014,7.3,55,PG,"77,832",122 min,"Comedy, Drama            ",Lasse Hallström,Helen Mirren,Om Puri,Manish Dayal,Charlotte Le Bon,$54.24M
187,Lootera,I) (,7.3,na,UA,"14,766",136 min,"Drama, Romance            ",Vikramaditya Motwane,Ranveer Singh,Sonakshi Sinha,Barun Chanda,Adil Hussain,$0.38M
188,The Best Exotic Marigold Hotel,2011,7.3,62,UA,"91,013",124 min,"Comedy, Drama, Romance            ",John Madden,Judi Dench,Bill Nighy,Maggie Smith,Tom Wilkinson,$46.41M
189,Raat Akeli Hai,2020,7.3,na,18,"15,054",149 min,"Crime, Drama, Mystery            ",Honey Trehan,Nawazuddin Siddiqui,Radhika Apte,Aditya Srivastav,Padmavati Rao,0
190,Ghajini,2008,7.3,na,UA,"57,000",186 min,"Action, Drama, Mystery            ",A.R. Murugadoss,Aamir Khan,Asin Thottumkal,Jiah Khan,Pradeep Singh Rawat,$2.43M
191,Bhool Bhulaiyaa,2007,7.3,na,UA,"22,194",159 min,"Comedy, Horror, Mystery            ",Priyadarshan,Akshay Kumar,Vidya Balan,Shiney Ahuja,Ameesha Patel,$1.07M
192,Dhamaal,2007,7.3,na,U,"13,512",136 min,"Action, Adventure, Comedy            ",Indra Kumar,Sanjay Dutt,Riteish Deshmukh,Arshad Warsi,Javed Jaffrey,0
193,Monsoon Wedding,2001,7.3,77,A,"23,552",114 min,"Comedy, Drama, Romance            ",Mira Nair,Naseeruddin Shah,Lillete Dubey,Shefali Shah,Vijay Raaz,$13.88M
194,Ghulam,1998,7.3,na,A,"10,919",162 min,"Action, Crime, Drama            ",Vikram Bhatt,Aamir Khan,Rani Mukerji,Rajit Kapoor,Mita Vashisht,0
195,Maine Pyar Kiya,1989,7.3,na,U,"10,747",192 min,"Drama, Musical, Romance            ",Sooraj R. Barjatya,Salman Khan,Bhagyashree,Alok Nath,Rajeev Verma,0
196,A Passage to India,1984,7.3,78,U,"17,269",164 min,"Adventure, Drama, History            ",David Lean,Judy Davis,Victor Banerjee,Peggy Ashcroft,James Fox,$27.19M
197,Ittefaq,2017,7.2,na,UA,"10,536",105 min,"Mystery, Thriller            ",Abhay Chopra,Sidharth Malhotra,Sonakshi Sinha,Akshaye Khanna,Mandira Bedi,$0.30M
198,Jolly LLB 2,2017,7.2,na,UA,"22,524",137 min,"Comedy, Drama            ",Subhash Kapoor,Akshay Kumar,Huma Qureshi,Saurabh Shukla,Annu Kapoor,$1.63M
199,Toilet - Ek Prem Katha,2017,7.2,na,UA,"18,424",155 min,"Comedy, Drama            ",Shree Narayan Singh,Anupam Kher,Akshay Kumar,Bhumi Pednekar,Divyendu Sharma,$1.83M
200,NH10,2015,7.2,na,A,"12,251",115 min,"Action, Crime, Drama            ",Navdeep Singh,Anushka Sharma,Neil Bhoopalam,Darshan Kumaar,Deepti Naval,0
201,Holiday,2014,7.2,na,UA,"25,732",160 min,"Action, Thriller            ",A.R. Murugadoss,Akshay Kumar,Sonakshi Sinha,Freddy Daruwala,Sumeet Raghvan,$0.71M
202,Talaash,2012,7.2,65,UA,"39,793",140 min,"Crime, Drama, Mystery            ",Reema Kagti,Priyamvada Narayanan,Aamir Khan,Kareena Kapoor,Rani Mukerji,$2.71M
203,No One Killed Jessica,2011,7.2,na,A,"11,088",136 min,"Biography, Crime, Drama            ",Raj Kumar Gupta,Rani Mukerji,Vidya Balan,Myra Karn,Neil Bhoopalam,$0.44M
204,Tere Bin Laden,2010,7.2,na,NA ,"10,194",95 min,"Comedy, Drama            ",Abhishek Sharma,Ali Zafar,Pradhuman Singh,Piyush Mishra,Nikhil Ratnaparkhi,0
205,Band Baaja Baaraat,2010,7.2,na,U,"15,355",139 min,"Comedy, Drama, Romance            ",Maneesh Sharma,Ranveer Singh,Anushka Sharma,Ranjit Batra,Manu Rishi Chadha,0
206,Paa,2009,7.2,30,U,"11,390",133 min,"Comedy, Drama            ",R. Balki,Amitabh Bachchan,Abhishek Bachchan,Vidya Balan,Paresh Rawal,$0.20M
207,Rab Ne Bana Di Jodi,2008,7.2,na,U,"44,301",167 min,"Comedy, Drama, Music            ",Aditya Chopra,Shah Rukh Khan,Anushka Sharma,Vinay Pathak,M.K. Raina,$2.07M
208,The Darjeeling Limited,2007,7.2,67,R,"183,282",91 min,"Adventure, Comedy, Drama            ",Wes Anderson,Owen Wilson,Adrien Brody,Jason Schwartzman,Amara Karan,$11.90M
209,Don,I) (,7.2,na,UA,"34,657",178 min,"Action, Crime, Thriller            ",Farhan Akhtar,Shah Rukh Khan,Priyanka Chopra,Arjun Rampal,Isha Koppikar,$0.80M
210,Fanaa,2006,7.2,na,U,"31,159",168 min,"Action, Drama, Romance            ",Kunal Kohli,Aamir Khan,Kajol,Rishi Kapoor,Tabu,$2.10M
211,Gadar: Ek Prem Katha,2001,7.2,na,UA,"10,097",170 min,"Action, Drama, Romance            ",Anil Sharma,Sunny Deol,Ameesha Patel,Amrish Puri,Lillete Dubey,0
212,Kabir Singh,2019,7.1,na,A,"26,881",173 min,"Action, Drama, Romance            ",Sandeep Reddy Vanga,Shahid Kapoor,Kiara Advani,Nikita Dutta,Soham Majumdar,0
213,Sonu Ke Titu Ki Sweety,2018,7.1,na,UA,"19,666",138 min,"Comedy, Romance            ",Luv Ranjan,Kartik Aaryan,Nushrat Bharucha,Sunny Singh Nijjar,Alok Nath,0
214,Khuda Haafiz,2020,7.1,na,PG,"15,577",133 min,"Action, Drama, Thriller            ",Faruk Kabir,Vidyut Jammwal,Shivaleeka Oberoi,Annu Kapoor,Aahana Kumra,0
215,The White Tiger,2021,7.1,76,16,"44,592",125 min,"Crime, Drama            ",Ramin Bahrani,Adarsh Gourav,Rajkummar Rao,Priyanka Chopra,Vedant Sinha,0
216,Kaabil,2017,7.1,na,UA,"24,520",139 min,"Action, Crime, Drama            ",Sanjay Gupta,Hrithik Roshan,Yami Gautam,Ronit Roy,Rohit Roy,0
217,Rustom,2016,7.1,na,UA,"23,804",148 min,"Crime, Drama, Thriller            ",Dharmendra Suresh Desai,Akshay Kumar,Manoj Bajpayee,Ileana D'Cruz,Hiten Patel,$1.09M
218,Myeong-ryang,2014,7.1,na,NA ,"10,568",128 min,"Action, Drama, History            ",Han-min Kim,Choi Min-sik,Seung-ryong Ryu,Cho Jin-woong,Myung-gon Kim,$2.59M
219,Gabbar Is Back,2015,7.1,na,UA,"22,846",128 min,"Action, Crime, Drama            ",Radha Krishna Jagarlamudi,Akshay Kumar,Shruti Haasan,Kareena Kapoor,Suman,0
220,Table No.21,2013,7.1,na,A,"11,490",108 min,"Adventure, Drama, Thriller            ",Aditya Datt,Paresh Rawal,Rajeev Khandelwal,Tina Desai,Dhruv Ganesh,$0.03M
221,Yeh Jawaani Hai Deewani,2013,7.1,na,UA,"38,966",160 min,"Drama, Musical, Romance            ",Ayan Mukherjee,Ranbir Kapoor,Deepika Padukone,Aditya Roy Kapoor,Kalki Koechlin,$3.83M
222,Karthik Calling Karthik,2010,7.1,na,NA ,"10,784",135 min,"Drama, Mystery, Romance            ",Vijay Lalwani,Farhan Akhtar,Deepika Padukone,Ram Kapoor,Shefali Shah,$0.26M
223,Rajneeti,2010,7.1,na,UA,"16,532",163 min,"Crime, Drama, Thriller            ",Prakash Jha,Ranbir Kapoor,Ajay Devgn,Nana Patekar,Katrina Kaif,$1.44M
224,Don 2,2011,7.1,49,UA,"49,808",148 min,"Action, Crime, Thriller            ",Farhan Akhtar,Shah Rukh Khan,Florian Lukas,Om Puri,Priyanka Chopra,$3.68M
225,Namastey London,2007,7.1,na,UA,"20,741",128 min,"Comedy, Drama, Romance            ",Vipul Amrutlal Shah,Akshay Kumar,Katrina Kaif,Rishi Kapoor,Clive Standen,$1.21M
226,Tere Naam,2003,7.1,na,UA,"16,478",132 min,"Action, Drama, Romance            ",Satish Kaushik,Salman Khan,Bhoomika Chawla,Sachin Khedekar,Savita Prabhune,0
227,Harold & Kumar Go to White Castle,2004,7.1,64,A,"183,353",88 min,"Adventure, Comedy            ",Danny Leiner,John Cho,Kal Penn,Ethan Embry,Rob Tinkler,$18.23M
228,Wazir,I) (,7.1,na,UA,"17,566",103 min,"Action, Crime, Drama            ",Bejoy Nambiar,Amitabh Bachchan,Farhan Akhtar,Aditi Rao Hydari,John Abraham,$0.59M
229,Koi... Mil Gaya,2003,7.1,na,U,"21,544",171 min,"Action, Drama, Romance            ",Rakesh Roshan,Hrithik Roshan,Rekha,Preity Zinta,Rakesh Roshan,$0.68M
230,Mohabbatein,2000,7.1,na,U,"27,606",216 min,"Musical, Drama, Romance            ",Aditya Chopra,Amitabh Bachchan,Shah Rukh Khan,Uday Chopra,Jugal Hansraj,0
231,Seven Years in Tibet,1997,7.1,55,U,"131,994",136 min,"Adventure, Biography, Drama            ",Jean-Jacques Annaud,Brad Pitt,David Thewlis,BD Wong,Mako,$37.96M
232,Dream Girl,III),7.0,na,UA,"11,851",132 min,"Comedy, Romance            ",Raaj Shaandilyaa,Ayushmann Khurrana,Nushrat Bharucha,Annu Kapoor,Manjot Singh,0
233,Good Newwz,2019,7.0,na,UA,"14,932",134 min,Comedy            ,Raj Mehta,Akshay Kumar,Kareena Kapoor,Diljit Dosanjh,Kiara Advani,0
234,Padmaavat,2018,7.0,63,UA,"28,029",164 min,"Drama, History, Romance            ",Sanjay Leela Bhansali,Deepika Padukone,Ranveer Singh,Shahid Kapoor,Aditi Rao Hydari,$11.85M
235,Sultan,2016,7.0,na,UA,"38,354",170 min,"Action, Drama, Sport            ",Ali Abbas Zafar,Salman Khan,Anushka Sharma,Randeep Hooda,Kubbra Sait,$6.20M
236,Fan,I) (,7.0,na,UA,"42,599",142 min,"Action, Drama, Thriller            ",Maneesh Sharma,Shah Rukh Khan,Sayani Gupta,Carolina Main,Shriya Pilgaonkar,$1.36M
237,Aashiqui 2,2013,7.0,na,U,"26,950",132 min,"Drama, Music, Musical            ",Mohit Suri,Aditya Roy Kapoor,Shraddha Kapoor,Shaad Randhawa,Salil Acharya,0
238,Million Dollar Arm,2014,7.0,56,PG,"43,965",124 min,"Biography, Drama, Sport            ",Craig Gillespie,Jon Hamm,Aasif Mandvi,Alan Arkin,Suraj Sharma,$36.45M
239,Dhobi Ghat,2010,7.0,55,A,"12,580",100 min,Drama            ,Kiran Rao,Prateik,Monica Dogra,Kriti Malhotra,Aamir Khan,$0.58M
240,AK vs AK,2020,7.0,na,16,"11,802",108 min,"Action, Comedy, Crime            ",Vikramaditya Motwane,Anil Kapoor,Anurag Kashyap,Sonam Kapoor,Harshvardhan Kapoor,0
241,Outsourced,2006,7.0,70,PG-13,"11,374",103 min,"Comedy, Drama, Romance            ",John Jeffcoat,Josh Hamilton,Ayesha Dharker,Asif Basra,Matt Smith,$0.16M
242,Hum Tum,2004,7.0,na,U,"13,360",143 min,"Comedy, Drama, Romance            ",Kunal Kohli,Saif Ali Khan,Rani Mukerji,Kirron Kher,Rati Agnihotri,$0.35M
243,Main Hoon Na,2004,7.0,na,UA,"32,617",179 min,"Action, Comedy, Drama            ",Farah Khan,Shah Rukh Khan,Sushmita Sen,Sunil Shetty,Zayed Khan,$1.72M
244,Pardes,1997,7.0,na,U,"13,830",191 min,"Drama, Musical, Romance            ",Subhash Ghai,Shah Rukh Khan,Mahima Chaudhry,Amrish Puri,Apoorva Agnihotri,0
245,Dil To Pagal Hai,1997,7.0,na,U,"20,921",180 min,"Comedy, Drama, Musical            ",Yash Chopra,Shah Rukh Khan,Madhuri Dixit,Karisma Kapoor,Akshay Kumar,0
246,The Half of It,I) (,6.9,74,13,"29,757",104 min,"Comedy, Drama, Romance            ",Alice Wu,Leah Lewis,Daniel Diemer,Alexxis Lemire,Wolfgang Novogratz,0
247,Mulk,I) (,6.9,na,UA,"13,988",140 min,Drama            ,Anubhav Sinha,Taapsee Pannu,Ashutosh Rana,Rishi Kapoor,Prateik,0
248,The Lion King,2019,6.9,55,U,"217,344",118 min,"Animation, Adventure, Drama            ",Jon Favreau,Donald Glover,Beyoncé,Seth Rogen,Chiwetel Ejiofor,$543.64M
249,Ocean's Eight,2018,6.9,61,UA,"192,158",110 min,"Action, Comedy, Crime            ",Gary Ross,Sandra Bullock,Cate Blanchett,Anne Hathaway,Mindy Kaling,$140.22M
250,Dil Dhadakne Do,2015,6.9,na,UA,"15,366",170 min,"Comedy, Drama, Romance            ",Zoya Akhtar,Anil Kapoor,Shefali Shah,Priyanka Chopra,Ranveer Singh,0
251,Fukrey,2013,6.9,na,UA,"10,610",139 min,"Comedy, Drama, Romance            ",Mrighdeep Lamba,Pulkit Samrat,Manjot Singh,Ali Fazal,Varun Sharma,$0.12M
252,2 States,2014,6.9,na,UA,"23,714",149 min,"Comedy, Drama, Romance            ",Abhishek Varman,Arjun Kapoor,Alia Bhatt,Amrita Singh,Revathi,$2.22M
253,Agneepath,2012,6.9,na,UA,"22,592",174 min,"Action, Crime, Drama            ",Karan Malhotra,Hrithik Roshan,Priyanka Chopra,Sanjay Dutt,Rishi Kapoor,$1.98M
254,Fashion,2008,6.9,na,A,"11,793",167 min,"Drama, Romance            ",Madhur Bhandarkar,Priyanka Chopra,Kangana Ranaut,Mugdha Godse,Arbaaz Khan,$0.19M
255,Welcome,I) (,6.9,na,UA,"18,897",159 min,"Comedy, Romance            ",Anees Bazmee,Akshay Kumar,Katrina Kaif,Nana Patekar,Anil Kapoor,$1.09M
256,Phir Hera Pheri,2006,6.9,na,UA,"18,544",153 min,"Comedy, Crime            ",Neeraj Vora,Akshay Kumar,Sunil Shetty,Paresh Rawal,Bipasha Basu,0
257,Kaho Naa... Pyaar Hai,2000,6.9,na,U,"13,939",172 min,"Action, Musical, Romance            ",Rakesh Roshan,Hrithik Roshan,Ameesha Patel,Anupam Kher,Dalip Tahil,$0.36M
258,Baadshah,1999,6.9,na,UA,"16,998",175 min,"Action, Comedy, Crime            ",Abbas Alibhai Burmawalla,Mastan Alibhai Burmawalla,Shah Rukh Khan,Twinkle Khanna,Amrish Puri,0
259,The Ghost and the Darkness,1996,6.9,na,A,"56,923",110 min,"Adventure, Drama, Thriller            ",Stephen Hopkins,Michael Douglas,Val Kilmer,Tom Wilkinson,John Kani,$38.62M
260,Victoria & Abdul,2017,6.8,58,UA,"32,582",111 min,"Biography, Drama, History            ",Stephen Frears,Judi Dench,Ali Fazal,Tim Pigott-Smith,Eddie Izzard,$22.25M
261,Raees,2017,6.8,na,UA,"40,690",143 min,"Action, Crime, Drama            ",Rahul Dholakia,Raj Arjun,Shubham Chintamani,Shubham Tukaram,Yug,$3.26M
262,Hasee Toh Phasee,2014,6.8,na,UA,"13,678",141 min,"Comedy, Romance            ",Vinil Mathew,Sidharth Malhotra,Parineeti Chopra,Adah Sharma,Manoj Joshi,$0.34M
263,Singham,2011,6.8,na,UA,"14,487",143 min,"Action, Crime, Drama            ",Rohit Shetty,Ajay Devgn,Kajal Aggarwal,Prakash Raj,Sonali Kulkarni,$0.35M
264,Tanu Weds Manu,2011,6.8,na,UA,"13,615",113 min,"Comedy, Drama, Romance            ",Aanand L. Rai,Madhavan,Kangana Ranaut,Jimmy Sheirgill,Deepak Dobriyal,0
265,New York,2009,6.8,35,UA,"10,407",153 min,"Crime, Drama, Thriller            ",Kabir Khan,John Abraham,Katrina Kaif,Neil Nitin Mukesh,Irrfan Khan,$0.98M
266,Love Aaj Kal,2009,6.8,na,UA,"15,047",128 min,"Comedy, Drama, Romance            ",Imtiaz Ali,Saif Ali Khan,Deepika Padukone,Rishi Kapoor,Rahul Khanna,$2.43M
267,Thappad,I) (,6.8,na,U,"14,605",142 min,Drama            ,Anubhav Sinha,Taapsee Pannu,Pavail Gulati,Kumud Mishra,Ratna Pathak Shah,0
268,Yes Boss,1997,6.8,na,U,"12,570",163 min,"Comedy, Drama, Musical            ",Aziz Mirza,Shah Rukh Khan,Juhi Chawla,Aditya Pancholi,Kashmira Shah,0
269,Beavis and Butt-Head Do America,1996,6.8,64,PG-13,"51,896",81 min,"Animation, Adventure, Comedy            ",Mike Judge,Mike de Seve,Brian Mulroney,Yvette Kaplan,Mike Judge,$63.07M
270,Karan Arjun,1995,6.8,na,UA,"13,048",175 min,"Action, Drama, Fantasy            ",Rakesh Roshan,Rakhee Gulzar,Salman Khan,Shah Rukh Khan,Amrish Puri,0
271,Extraction,2020,6.7,56,18,"165,405",116 min,"Action, Thriller            ",Sam Hargrave,Chris Hemsworth,Bryon Lerum,Ryder Lerum,Rudhraksh Jaiswal,0
272,Jab Tak Hai Jaan,2012,6.7,na,UA,"51,622",198 min,"Drama, Romance            ",Yash Chopra,Shah Rukh Khan,Katrina Kaif,Anushka Sharma,Anupam Kher,$3.05M
273,Zombieland: Double Tap,2019,6.7,55,A,"145,242",99 min,"Action, Adventure, Comedy            ",Ruben Fleischer,Woody Harrelson,Jesse Eisenberg,Emma Stone,Abigail Breslin,$26.80M
274,Om Shanti Om,2007,6.7,na,UA,"39,442",162 min,"Action, Comedy, Drama            ",Farah Khan,Shah Rukh Khan,Deepika Padukone,Arjun Rampal,Kirron Kher,$3.60M
275,Race,I) (,6.7,na,A,"13,212",149 min,"Action, Crime, Drama            ",Abbas Alibhai Burmawalla,Mastan Alibhai Burmawalla,Saif Ali Khan,Akshaye Khanna,Bipasha Basu,$1.37M
276,Garam Masala,2005,6.7,na,UA,"14,112",146 min,Comedy            ,Priyadarshan,Akshay Kumar,John Abraham,Paresh Rawal,Rimi Sen,0
277,Dhoom,2004,6.7,na,UA,"18,463",129 min,"Action, Crime, Drama            ",Sanjay Gadhvi,Abhishek Bachchan,John Abraham,Uday Chopra,Esha Deol,$0.25M
278,Mujhse Shaadi Karogi,2004,6.7,na,UA,"13,847",163 min,"Comedy, Romance            ",David Dhawan,Salman Khan,Akshay Kumar,Priyanka Chopra,Amrish Puri,0
279,Everyone Says I Love You,1996,6.7,na,R,"35,668",101 min,"Comedy, Musical, Romance            ",Woody Allen,Woody Allen,Goldie Hawn,Julia Roberts,Edward Norton,$9.71M
280,Dil Bechara,2020,6.6,na,12+,"113,156",101 min,"Comedy, Drama, Romance            ",Mukesh Chhabra,Sushant Singh Rajput,Sanjana Sanghi,Sahil Vaid,Saswata Chatterjee,0
281,Kedarnath,2018,6.6,na,UA,"10,595",116 min,"Drama, Romance            ",Abhishek Kapoor,Sushant Singh Rajput,Sara Ali Khan,Nitish Bharadwaj,Alka Amin,$0.90M
282,The Second Best Exotic Marigold Hotel,2015,6.6,51,PG,"31,790",122 min,"Comedy, Drama, Romance            ",John Madden,Judi Dench,Maggie Smith,Bill Nighy,Dev Patel,$33.08M
283,Go Goa Gone,2013,6.6,na,A,"11,619",108 min,"Action, Adventure, Comedy            ",Krishna D.K.,Raj Nidimoru,Saif Ali Khan,Kunal Khemu,Vir Das,$0.30M
284,Wanted,I) (,6.6,na,A,"19,068",147 min,"Action, Comedy, Crime            ",Prabhu Deva,Salman Khan,Ayesha Takia,Vinod Khanna,Govind Namdeo,0
285,No Entry,2005,6.6,na,U,"10,787",158 min,"Comedy, Drama, Musical            ",Anees Bazmee,Anil Kapoor,Fardeen Khan,Salman Khan,Bipasha Basu,$0.68M
286,Chalte Chalte,2003,6.6,na,U,"14,620",167 min,"Drama, Romance            ",Aziz Mirza,Shah Rukh Khan,Rani Mukerji,Jas Arora,Satish Shah,$0.84M
287,Bend It Like Beckham,2002,6.6,66,U,"105,118",112 min,"Comedy, Drama, Romance            ",Gurinder Chadha,Parminder Nagra,Keira Knightley,Jonathan Rhys Meyers,Anupam Kher,$32.54M
288,Octopussy,1983,6.6,63,UA,"96,771",131 min,"Action, Adventure, Thriller            ",John Glen,Roger Moore,Maud Adams,Louis Jourdan,Kristina Wayborn,$67.90M
289,Mission Mangal,2019,6.5,na,U,"11,993",130 min,"Drama, History            ",Jagan Shakti,Akshay Kumar,Vidya Balan,Taapsee Pannu,Sonakshi Sinha,$3.60M
290,War,2019,6.5,na,UA,"19,987",154 min,"Action, Thriller            ",Siddharth Anand,Hrithik Roshan,Tiger Shroff,Vaani Kapoor,Ashutosh Rana,0
291,Brothers,I) (,6.5,na,UA,"11,824",156 min,"Action, Drama, Sport            ",Karan Malhotra,Akshay Kumar,Sidharth Malhotra,Jackie Shroff,Jacqueline Fernandez,$0.27M
292,Ek Villain,2014,6.5,na,UA,"16,825",129 min,"Action, Crime, Drama            ",Mohit Suri,Sidharth Malhotra,Shraddha Kapoor,Riteish Deshmukh,Shaad Randhawa,$0.41M
293,Mowgli,2018,6.5,51,13,"57,321",104 min,"Adventure, Drama, Fantasy            ",Andy Serkis,Christian Bale,Cate Blanchett,Benedict Cumberbatch,Naomie Harris,0
294,Dostana,2008,6.5,na,NA ,"13,989",145 min,"Comedy, Drama, Romance            ",Tarun Mansukhani,Abhishek Bachchan,John Abraham,Priyanka Chopra,Kirron Kher,$1.24M
295,Paheli,2005,6.5,na,U,"12,592",140 min,"Comedy, Drama, Fantasy            ",Amol Palekar,Shah Rukh Khan,Rani Mukerji,Anupam Kher,Naseeruddin Shah,$1.41M
296,Dhoom:2,2006,6.5,na,UA,"24,194",152 min,"Action, Crime, Thriller            ",Sanjay Gadhvi,Hrithik Roshan,Abhishek Bachchan,Aishwarya Rai Bachchan,Uday Chopra,$2.64M
297,Asoka,2001,6.5,na,16,"13,358",180 min,"Action, Biography, Drama            ",Santosh Sivan,Shah Rukh Khan,Kareena Kapoor,Danny Denzongpa,Hrishitaa Bhatt,$0.70M
298,Chhalaang,2020,6.4,na,13,"15,427",136 min,"Comedy, Drama            ",Hansal Mehta,Rajkummar Rao,Nushrat Bharucha,Mohd. Zeeshan Ayyub,Saurabh Shukla,0
299,The BFG,2016,6.4,66,UA,"78,883",117 min,"Adventure, Family, Fantasy            ",Steven Spielberg,Mark Rylance,Ruby Barnhill,Penelope Wilton,Jemaine Clement,$55.48M
300,Goliyon Ki Rasleela Ram-Leela,2013,6.4,na,UA,"18,895",150 min,"Drama, Musical, Romance            ",Sanjay Leela Bhansali,Ranveer Singh,Deepika Padukone,Supriya Pathak,Sharad Kelkar,$2.67M
301,Ajab Prem Ki Ghazab Kahani,2009,6.4,na,U,"12,894",150 min,"Action, Comedy, Romance            ",Rajkumar Santoshi,Ranbir Kapoor,Katrina Kaif,Darshan Jariwala,Smita Jaykar,0
302,Bhagam Bhag,2006,6.4,na,U,"11,289",157 min,"Comedy, Drama, Romance            ",Priyadarshan,Akshay Kumar,Govinda,Paresh Rawal,Lara Dutta,$0.65M
303,Krrish,2006,6.4,68,U,"18,676",185 min,"Action, Adventure, Sci-Fi            ",Rakesh Roshan,Hrithik Roshan,Priyanka Chopra,Rekha,Naseeruddin Shah,0
304,Cocktail,2012,6.3,na,UA,"13,387",146 min,"Comedy, Drama, Romance            ",Homi Adajania,Saif Ali Khan,Deepika Padukone,Diana Penty,Dimple Kapadia,$1.03M
305,Tomb Raider,2018,6.3,48,UA,"193,609",119 min,"Action, Adventure, Fantasy            ",Roar Uthaug,Alicia Vikander,Dominic West,Walton Goggins,Daniel Wu,$58.25M
306,Gulabo Sitabo,2020,6.3,na,13,"11,016",124 min,"Comedy, Drama            ",Shoojit Sircar,Amitabh Bachchan,Ayushmann Khurrana,Vijay Raaz,Brijendra Kala,0
307,2.0,2018,6.2,na,UA,"21,450",148 min,"Action, Sci-Fi            ",S. Shankar,Rajinikanth,Akshay Kumar,Amy Jackson,Adil Hussain,$5.57M
308,Kabali,2016,6.2,na,U,"11,655",153 min,"Action, Crime, Drama            ",Pa. Ranjith,Rajinikanth,Winston Chao,Radhika Apte,Dhansika,0
309,Dabangg,2010,6.2,na,UA,"28,114",126 min,"Action, Comedy            ",Abhinav Kashyap,Salman Khan,Sonakshi Sinha,Sonu Sood,Arbaaz Khan,$4.63M
310,Billu,2009,6.2,na,U,"10,879",137 min,"Comedy, Drama            ",Priyadarshan,Irrfan Khan,Lara Dutta,Om Puri,Asrani,$0.75M
311,Bride & Prejudice,2004,6.2,55,U,"20,042",122 min,"Comedy, Drama, Musical            ",Gurinder Chadha,Martin Henderson,Aishwarya Rai Bachchan,Nadira Babbar,Anupam Kher,$6.60M
312,Badrinath Ki Dulhania,2017,6.1,na,UA,"10,609",139 min,"Comedy, Drama, Romance            ",Shashank Khaitan,Varun Dhawan,Alia Bhatt,Sahil Vaid,Swanand Kirkire,$1.99M
313,Kites,I) (,6.1,62,UA,"12,484",123 min,"Action, Drama, Romance            ",Anurag Basu,Hrithik Roshan,Bárbara Mori,Kangana Ranaut,Steven Michael Quezada,$1.60M
314,Bachna Ae Haseeno,2008,6.1,na,UA,"10,533",152 min,"Comedy, Drama, Romance            ",Siddharth Anand,Ranbir Kapoor,Deepika Padukone,Bipasha Basu,Minissha Lamba,$0.69M
315,The Sorcerer's Apprentice,2010,6.1,46,PG,"154,400",109 min,"Action, Adventure, Family            ",Jon Turteltaub,Nicolas Cage,Jay Baruchel,Alfred Molina,Teresa Palmer,$63.15M
316,Kabhi Alvida Naa Kehna,2006,6.1,na,UA,"18,529",193 min,"Drama, Romance            ",Karan Johar,Shah Rukh Khan,Rani Mukerji,Amitabh Bachchan,Abhishek Bachchan,$3.28M
317,Liu lang di qiu,2019,6.0,57,NA ,"27,508",125 min,"Action, Sci-Fi            ",Frant Gwo,Jing Wu,Chuxiao Qu,Guangjie Li,Man-Tat Ng,$5.88M
318,Humpty Sharma Ki Dulhania,2014,6.0,na,UA,"11,515",133 min,"Comedy, Drama, Romance            ",Shashank Khaitan,Varun Dhawan,Alia Bhatt,Ashutosh Rana,Siddharth Shukla,$0.38M
319,Chennai Express,2013,6.0,45,UA,"49,418",141 min,"Action, Adventure, Comedy            ",Rohit Shetty,Deepika Padukone,Shah Rukh Khan,Sathyaraj,Nikitin Dheer,$5.31M
320,Heyy Babyy,2007,6.0,na,UA,"13,474",144 min,"Comedy, Drama            ",Sajid Khan,Akshay Kumar,Fardeen Khan,Riteish Deshmukh,Vidya Balan,$1.21M
321,Tiger Zinda Hai,2017,5.9,na,UA,"22,328",161 min,"Action, Adventure, Thriller            ",Ali Abbas Zafar,Salman Khan,Katrina Kaif,Anupriya Goenka,Paresh Rawal,$5.56M
322,Around the World in 80 Days,2004,5.9,49,7,"85,918",120 min,"Action, Adventure, Comedy            ",Frank Coraci,Jackie Chan,Steve Coogan,Jim Broadbent,Kathy Bates,$24.01M
323,Holy Smoke,1999,5.9,57,R,"14,015",115 min,"Comedy, Drama            ",Jane Campion,Kate Winslet,Harvey Keitel,Julie Hamilton,Sophie Lee,$1.76M
324,Ae Dil Hai Mushkil,2016,5.8,40,UA,"21,349",158 min,"Drama, Music, Musical            ",Karan Johar,Ranbir Kapoor,Aishwarya Rai Bachchan,Anushka Sharma,Fawad Khan,$4.24M
325,MSG: The Messenger of God,2015,5.8,na,U,"11,175",197 min,"Action, Comedy, Drama            ",Jeetu Arora,Gurmeet Ram Rahim Singh,Gurmeet Ram Rahim Singh,Daniel Kaleb,Flora Saini,0
326,2012,I) (,5.8,49,UA,"357,101",158 min,"Action, Adventure, Sci-Fi            ",Roland Emmerich,John Cusack,Thandiwe Newton,Chiwetel Ejiofor,Amanda Peet,$166.11M
327,Simmba,2018,5.7,na,UA,"15,043",158 min,"Action, Comedy, Crime            ",Rohit Shetty,Sam Nagar,Ranveer Singh,Sara Ali Khan,Sonu Sood,$5.08M
328,Mohenjo Daro,2016,5.7,39,UA,"10,720",155 min,"Action, Adventure, Drama            ",Ashutosh Gowariker,Hrithik Roshan,Pooja Hegde,Kabir Bedi,Arunoday Singh,$1.25M
329,Rowdy Rathore,2012,5.7,na,UA,"20,702",140 min,"Action, Comedy            ",Prabhu Deva,Akshay Kumar,Sonakshi Sinha,Nassar,Yashpal Sharma,$0.78M
330,Desi Boyz,2011,5.7,na,A,"13,064",122 min,"Comedy, Drama            ",Rohit Dhawan,Akshay Kumar,John Abraham,Deepika Padukone,Chitrangda Singh,$1.07M
331,Singh Is Kinng,2008,5.7,na,U,"14,353",135 min,"Action, Comedy, Crime            ",Anees Bazmee,Akshay Kumar,Katrina Kaif,Om Puri,Kirron Kher,0
332,Partner,2007,5.7,na,UA,"11,294",155 min,"Comedy, Drama, Romance            ",David Dhawan,Salman Khan,Govinda,Lara Dutta,Katrina Kaif,$1.06M
333,The Accidental Husband,2008,5.6,14,PG-13,"23,433",90 min,"Comedy, Romance            ",Griffin Dunne,Uma Thurman,Jeffrey Dean Morgan,Justina Machado,Colin Firth,0
334,Bang Bang,I) (,5.5,na,UA,"22,154",153 min,"Action, Adventure, Comedy            ",Siddharth Anand,Hrithik Roshan,Katrina Kaif,Pawan Malhotra,Danny Denzongpa,$2.55M
335,Pixels,2015,5.5,27,PG-13,"133,594",105 min,"Action, Comedy, Fantasy            ",Chris Columbus,Adam Sandler,Kevin James,Michelle Monaghan,Peter Dinklage,$78.75M
336,Ek Tha Tiger,2012,5.5,na,UA,"29,326",132 min,"Action, Romance, Thriller            ",Kabir Khan,Salman Khan,Katrina Kaif,Girish Karnad,Roshan Seth,$2.35M
337,Zero,III),5.4,na,UA,"23,974",164 min,"Comedy, Drama, Romance            ",Aanand L. Rai,Shah Rukh Khan,Anushka Sharma,Katrina Kaif,Mohd. Zeeshan Ayyub,0
338,Dhoom:3,2013,5.4,61,UA,"43,463",172 min,"Action, Crime, Thriller            ",Vijay Krishna Acharya,Aamir Khan,Katrina Kaif,Abhishek Bachchan,Uday Chopra,$8.03M
339,Housefull,2010,5.4,na,UA,"12,946",144 min,Comedy            ,Sajid Khan,Akshay Kumar,Deepika Padukone,Riteish Deshmukh,Lara Dutta,$1.17M
340,Jab Harry Met Sejal,2017,5.3,na,UA,"18,924",143 min,"Comedy, Drama, Romance            ",Imtiaz Ali,Shah Rukh Khan,Anushka Sharma,Björn Freiberg,Martavious Gayles,$1.28M
341,The Other Side of the Door,2016,5.3,41,R,"17,257",96 min,Horror            ,Johannes Roberts,Sarah Wayne Callies,Jeremy Sisto,Sofia Rosinsky,Logan Creran,$2.99M
342,Kick,2014,5.3,na,UA,"24,287",146 min,"Action, Comedy, Crime            ",Sajid Nadiadwala,Salman Khan,Jacqueline Fernandez,Nawazuddin Siddiqui,Randeep Hooda,$2.46M
343,Student of the Year,2012,5.3,na,UA,"15,717",146 min,"Comedy, Drama, Music            ",Karan Johar,Alia Bhatt,Sidharth Malhotra,Varun Dhawan,Rishi Kapoor,$0.33M
344,Geostorm,2017,5.3,21,UA,"97,049",109 min,"Action, Sci-Fi, Thriller            ",Dean Devlin,Gerard Butler,Jim Sturgess,Abbie Cornish,Alexandra Maria Lara,$33.70M
345,Housefull 2,2012,5.3,na,UA,"13,361",145 min,"Action, Comedy, Musical            ",Sajid Khan,Akshay Kumar,John Abraham,Asin Thottumkal,Jacqueline Fernandez,$1.50M
346,A Good Day to Die Hard,2013,5.3,28,UA,"199,551",98 min,"Action, Thriller            ",John Moore,Bruce Willis,Jai Courtney,Sebastian Koch,Mary Elizabeth Winstead,$67.35M
347,Race 2,2013,5.3,na,UA,"15,345",150 min,"Action, Crime, Thriller            ",Abbas Alibhai Burmawalla,Mastan Alibhai Burmawalla,Saif Ali Khan,Anil Kapoor,John Abraham,$1.58M
348,Gunjan Saxena: The Kargil Girl,2020,5.3,na,13,"24,821",112 min,"Action, Biography, Drama            ",Sharan Sharma,Janhvi Kapoor,Pankaj Tripathi,Angad Bedi,Manav Vij,0
349,The Guru,2002,5.3,47,R,"14,815",94 min,"Comedy, Music, Romance            ",Daisy von Scherler Mayer,Jimi Mistry,Heather Graham,Marisa Tomei,Michael McKean,$3.03M
